Time,UserId,Type,ItemId,TimeTmp,TimeShift,TimeDiff,SessionIdTmp,SessionId
1433175395,581,view,388097,2015-06-01 16:16:35,,,0,0
1433219869,1756,view,296448,2015-06-02 04:37:49,2015-06-01 16:16:35,44474.0,1,1
1433173807,5129,view,67748,2015-06-01 15:50:07,2015-06-02 04:37:49,46062.0,1,2
1433219641,5925,view,291413,2015-06-02 04:34:01,2015-06-01 15:50:07,45834.0,1,3
1433194280,7684,view,253615,2015-06-01 21:31:20,2015-06-01 21:41:04,584.0,0,4
1433194864,7173,view,14974,2015-06-01 21:41:04,2015-06-02 04:34:01,24777.0,1,4
1433222876,8287,view,459752,2015-06-02 05:27:56,2015-06-01 21:31:20,28596.0,1,5
1433175511,8736,view,24358,2015-06-01 16:18:31,2015-06-02 05:27:56,47365.0,1,6
1433191526,9289,view,315393,2015-06-01 20:45:26,2015-06-01 16:18:31,16015.000000000002,1,7
1433193196,11598,view,62549,2015-06-01 21:13:16,2015-06-01 20:45:26,1670.0,0,7
1433175269,12635,view,275269,2015-06-01 16:14:29,2015-06-01 21:13:16,17927.0,1,8
1433172636,12773,view,78849,2015-06-01 15:30:36,2015-06-01 16:14:29,2633.0,1,9
1433174850,14699,view,265166,2015-06-01 16:07:30,2015-06-01 15:30:36,2214.0,1,10
1433191765,15613,view,89737,2015-06-01 20:49:25,2015-06-01 16:07:30,16915.0,1,11
1433191793,15613,view,237422,2015-06-01 20:49:53,2015-06-01 20:49:25,28.0,0,11
1433223879,15795,view,81075,2015-06-02 05:44:39,2015-06-01 20:49:53,32086.000000000004,1,12
1433224229,15795,view,44872,2015-06-02 05:50:29,2015-06-02 05:44:39,350.0,0,12
1433176125,20903,view,101094,2015-06-01 16:28:45,2015-06-01 16:36:58,493.00000000000006,0,13
1433176618,18581,view,187530,2015-06-01 16:36:58,2015-06-02 05:50:29,47611.0,1,13
1433223854,21004,view,181142,2015-06-02 05:44:14,2015-06-01 16:28:45,47729.0,1,14
1433194792,24769,view,55364,2015-06-01 21:39:52,2015-06-02 05:44:14,29062.0,1,15
1433192892,32389,view,98728,2015-06-01 21:08:12,2015-06-01 21:39:52,1900.0000000000002,1,16
1433176473,35692,view,172063,2015-06-01 16:34:33,2015-06-01 16:39:23,290.0,0,17
1433176763,34648,view,281211,2015-06-01 16:39:23,2015-06-01 21:08:12,16129.000000000002,1,17
1433217383,37840,view,297513,2015-06-02 03:56:23,2015-06-01 16:34:33,40910.0,1,18
1433217443,37840,view,297513,2015-06-02 03:57:23,2015-06-02 03:56:23,60.00000000000001,0,18
1433184176,38015,view,240004,2015-06-01 18:42:56,2015-06-02 03:57:23,33267.0,1,19
1433194846,38015,view,137633,2015-06-01 21:40:46,2015-06-01 18:42:56,10670.0,1,20
1433173512,40946,view,140141,2015-06-01 15:45:12,2015-06-01 21:40:46,21334.0,1,21
1433216787,44558,view,262138,2015-06-02 03:46:27,2015-06-01 15:45:12,43275.0,1,22
1433217425,46497,view,337262,2015-06-02 03:57:05,2015-06-02 03:46:27,638.0,0,22
1433175610,46719,view,340749,2015-06-01 16:20:10,2015-06-02 03:57:05,41815.0,1,23
1433219979,49552,view,137174,2015-06-02 04:39:39,2015-06-01 16:20:10,44369.0,1,24
1433220042,50634,view,400577,2015-06-02 04:40:42,2015-06-02 04:39:39,63.00000000000001,0,24
1433217257,53588,view,463280,2015-06-02 03:54:17,2015-06-02 04:40:42,2785.0,1,25
1433218855,55270,view,259487,2015-06-02 04:20:55,2015-06-02 03:54:17,1598.0,0,25
1433220254,56229,addtocart,115244,2015-06-02 04:44:14,2015-06-02 04:20:55,1399.0,0,25
1433222531,57036,view,334662,2015-06-02 05:22:11,2015-06-02 04:44:14,2277.0,1,26
1433172409,63121,view,310791,2015-06-01 15:26:49,2015-06-02 05:22:11,50122.0,1,27
1433217517,65083,view,134353,2015-06-02 03:58:37,2015-06-01 15:26:49,45108.0,1,28
1433172453,73449,view,65286,2015-06-01 15:27:33,2015-06-01 15:44:49,1036.0,0,29
1433173489,69471,view,461301,2015-06-01 15:44:49,2015-06-02 03:58:37,44028.0,1,29
1433174703,73449,view,374101,2015-06-01 16:05:03,2015-06-01 15:27:33,2250.0,1,30
1433193877,73449,view,54008,2015-06-01 21:24:37,2015-06-01 16:05:03,19174.0,1,31
1433222790,75249,view,283146,2015-06-02 05:26:30,2015-06-01 21:24:37,28913.0,1,32
1433216961,75384,view,418572,2015-06-02 03:49:21,2015-06-02 05:26:30,5829.0,1,33
1433176577,76370,view,356236,2015-06-01 16:36:17,2015-06-02 03:49:21,40384.0,1,34
1433223502,77112,view,38483,2015-06-02 05:38:22,2015-06-01 16:36:17,46925.0,1,35
1433223587,77112,view,97879,2015-06-02 05:39:47,2015-06-02 05:38:22,85.0,0,35
1433223636,77112,view,146700,2015-06-02 05:40:36,2015-06-02 05:39:47,49.0,0,35
1433194060,79247,view,458894,2015-06-01 21:27:40,2015-06-02 05:40:36,29576.000000000004,1,36
1433223862,83034,view,255833,2015-06-02 05:44:22,2015-06-01 21:27:40,29802.000000000004,1,37
1433176223,83998,view,198251,2015-06-01 16:30:23,2015-06-02 05:44:22,47639.0,1,38
1433193990,85734,view,331725,2015-06-01 21:26:30,2015-06-01 16:30:23,17767.0,1,39
1433194010,95902,view,298598,2015-06-01 21:26:50,2015-06-01 21:34:58,488.00000000000006,0,39
1433194259,85734,view,264801,2015-06-01 21:30:59,2015-06-01 21:26:30,269.0,0,39
1433194498,85734,view,122834,2015-06-01 21:34:58,2015-06-01 21:30:59,239.00000000000003,0,39
1433173855,96154,view,200270,2015-06-01 15:50:55,2015-06-01 21:26:50,20155.0,1,40
1433216758,97140,view,323280,2015-06-02 03:45:58,2015-06-01 15:50:55,42903.0,1,41
1433221138,97140,view,328025,2015-06-02 04:58:58,2015-06-02 03:45:58,4380.0,1,42
1433221139,97140,view,257675,2015-06-02 04:58:59,2015-06-02 04:58:58,1.0,0,42
1433218725,98643,view,420960,2015-06-02 04:18:45,2015-06-02 04:58:59,2414.0,1,43
1433218746,98643,view,420960,2015-06-02 04:19:06,2015-06-02 04:18:45,21.0,0,43
1433192388,98881,view,24477,2015-06-01 20:59:48,2015-06-02 04:19:06,26358.0,1,44
1433173510,101700,view,100345,2015-06-01 15:45:10,2015-06-01 20:59:48,18878.0,1,45
1433176736,102019,transaction,150318,2015-06-01 16:38:56,2015-06-01 15:45:10,3226.0,1,46
1433218148,103440,view,349737,2015-06-02 04:09:08,2015-06-01 16:38:56,41412.0,1,47
1433174823,104529,view,440373,2015-06-01 16:07:03,2015-06-02 04:09:08,43325.0,1,48
1433220880,105775,addtocart,312728,2015-06-02 04:54:40,2015-06-01 16:07:03,46057.0,1,49
1433175367,108118,view,157078,2015-06-01 16:16:07,2015-06-02 04:54:40,45513.0,1,50
1433192266,109429,view,254477,2015-06-01 20:57:46,2015-06-01 16:16:07,16899.0,1,51
1433176193,110339,view,10659,2015-06-01 16:29:53,2015-06-01 20:57:46,16073.000000000002,1,52
1433194045,110877,view,336855,2015-06-01 21:27:25,2015-06-01 16:29:53,17852.0,1,53
1433194768,110929,view,377474,2015-06-01 21:39:28,2015-06-01 21:27:25,723.0,0,53
1433221999,111016,view,318965,2015-06-02 05:13:19,2015-06-01 21:39:28,27231.0,1,54
1433172194,111566,view,325319,2015-06-01 15:23:14,2015-06-02 05:13:19,49805.0,1,55
1433223643,112175,view,430845,2015-06-02 05:40:43,2015-06-01 15:23:14,51449.0,1,56
1433172453,112347,view,380493,2015-06-01 15:27:33,2015-06-02 05:40:43,51190.0,1,57
1433220049,113274,view,380511,2015-06-02 04:40:49,2015-06-01 15:27:33,47596.0,1,58
1433175505,113281,view,306513,2015-06-01 16:18:25,2015-06-02 04:40:49,44544.0,1,59
1433217200,114473,view,32057,2015-06-02 03:53:20,2015-06-02 04:06:06,766.0,0,60
1433217966,114471,view,44054,2015-06-02 04:06:06,2015-06-01 16:18:25,42461.0,1,60
1433220470,114598,view,179683,2015-06-02 04:47:50,2015-06-02 03:53:20,3270.0,1,61
1433193175,115713,view,433059,2015-06-01 21:12:55,2015-06-01 21:18:55,360.0,0,62
1433193535,115171,view,356283,2015-06-01 21:18:55,2015-06-02 04:47:50,26935.0,1,62
1433172456,118053,view,304877,2015-06-01 15:27:36,2015-06-01 21:12:55,20719.0,1,63
1433172491,118053,view,304877,2015-06-01 15:28:11,2015-06-01 15:27:36,35.0,0,63
1433172922,118053,view,304877,2015-06-01 15:35:22,2015-06-01 15:28:11,431.0,0,63
1433191729,118343,view,462945,2015-06-01 20:48:49,2015-06-01 15:35:22,18807.0,1,64
1433193410,119444,view,78163,2015-06-01 21:16:50,2015-06-01 20:48:49,1681.0,0,64
1433176064,121134,view,93067,2015-06-01 16:27:44,2015-06-01 21:16:50,17346.0,1,65
1433192067,121688,view,282803,2015-06-01 20:54:27,2015-06-01 16:27:44,16003.000000000002,1,66
1433193500,121688,transaction,15335,2015-06-01 21:18:20,2015-06-01 20:54:27,1433.0,0,66
1433222500,122629,view,256368,2015-06-02 05:21:40,2015-06-01 21:18:20,29000.0,1,67
1433220523,123428,view,1981,2015-06-02 04:48:43,2015-06-02 05:21:40,1977.0000000000002,1,68
1433220542,123428,view,151839,2015-06-02 04:49:02,2015-06-02 04:48:43,19.0,0,68
1433221690,126887,view,413990,2015-06-02 05:08:10,2015-06-02 05:33:23,1513.0,0,68
1433222057,125625,view,25071,2015-06-02 05:14:17,2015-06-02 04:49:02,1515.0,0,68
1433223203,125625,view,17655,2015-06-02 05:33:23,2015-06-02 05:14:17,1146.0,0,68
1433193526,127337,view,375492,2015-06-01 21:18:46,2015-06-02 05:08:10,28164.0,1,69
1433173348,127547,view,177478,2015-06-01 15:42:28,2015-06-01 21:18:46,20178.0,1,70
1433173348,127547,view,391089,2015-06-01 15:42:28,2015-06-01 15:42:28,0.0,0,70
1433173912,127547,view,270950,2015-06-01 15:51:52,2015-06-01 15:42:28,564.0,0,70
1433182914,130434,view,284600,2015-06-01 18:21:54,2015-06-01 15:51:52,9002.0,1,71
1433194516,131086,view,402110,2015-06-01 21:35:16,2015-06-01 18:21:54,11602.0,1,72
1433223900,132736,view,67627,2015-06-02 05:45:00,2015-06-01 21:35:16,29384.000000000004,1,73
1433217024,132842,view,279690,2015-06-02 03:50:24,2015-06-02 05:45:00,6876.0,1,74
1433220965,132864,view,386146,2015-06-02 04:56:05,2015-06-02 03:50:24,3941.0000000000005,1,75
1433175895,138131,addtocart,430292,2015-06-01 16:24:55,2015-06-02 04:56:05,45070.0,1,76
1433194679,138565,view,140861,2015-06-01 21:37:59,2015-06-01 16:24:55,18784.0,1,77
1433224344,138674,view,202719,2015-06-02 05:52:24,2015-06-01 21:37:59,29665.000000000004,1,78
1433176417,139579,view,188558,2015-06-01 16:33:37,2015-06-02 05:52:24,47927.0,1,79
1433172887,140279,addtocart,255708,2015-06-01 15:34:47,2015-06-01 16:33:37,3530.0,1,80
1433217884,154348,view,273940,2015-06-02 04:04:44,2015-06-02 04:27:11,1347.0,0,81
1433219231,152407,view,89675,2015-06-02 04:27:11,2015-06-01 15:34:47,46344.0,1,81
1433193125,157954,view,143486,2015-06-01 21:12:05,2015-06-02 04:04:44,24759.0,1,82
1433221078,158090,addtocart,10572,2015-06-02 04:57:58,2015-06-01 21:12:05,27953.0,1,83
1433191921,158096,view,154413,2015-06-01 20:52:01,2015-06-02 04:57:58,29157.0,1,84
1433192157,159104,view,463379,2015-06-01 20:55:57,2015-06-01 20:59:13,196.0,0,84
1433192353,158096,view,295785,2015-06-01 20:59:13,2015-06-01 20:52:01,432.0,0,84
1433218941,159298,view,354676,2015-06-02 04:22:21,2015-06-01 20:55:57,26784.0,1,85
1433192624,160807,view,280375,2015-06-01 21:03:44,2015-06-02 04:22:21,26317.0,1,86
1433192666,160807,view,391289,2015-06-01 21:04:26,2015-06-01 21:03:44,42.0,0,86
1433172936,161416,view,303055,2015-06-01 15:35:36,2015-06-01 15:58:29,1373.0,0,87
1433174309,161206,view,325256,2015-06-01 15:58:29,2015-06-01 21:04:26,18357.0,1,87
1433217142,169835,view,159603,2015-06-02 03:52:22,2015-06-02 04:19:17,1615.0,0,88
1433218087,169835,view,14858,2015-06-02 04:08:07,2015-06-02 03:52:22,945.0000000000001,0,88
1433218445,164576,view,69408,2015-06-02 04:14:05,2015-06-01 15:35:36,45509.0,1,88
1433218757,168685,addtocart,111530,2015-06-02 04:19:17,2015-06-02 04:14:05,312.0,0,88
1433224435,170060,view,213570,2015-06-02 05:53:55,2015-06-02 04:08:07,6348.0,1,89
1433193118,173287,view,35742,2015-06-01 21:11:58,2015-06-02 05:53:55,31317.000000000004,1,90
1433222162,176446,view,10572,2015-06-02 05:16:02,2015-06-01 21:11:58,29044.0,1,91
1433223622,177820,view,244504,2015-06-02 05:40:22,2015-06-02 05:16:02,1460.0,0,91
1433191691,178282,view,449010,2015-06-01 20:48:11,2015-06-02 05:40:22,31931.000000000004,1,92
1433191760,178376,view,189563,2015-06-01 20:49:20,2015-06-01 20:48:11,69.0,0,92
1433192616,178721,view,49347,2015-06-01 21:03:36,2015-06-01 20:49:20,856.0,0,92
1433220501,179196,view,466501,2015-06-02 04:48:21,2015-06-01 21:03:36,27885.0,1,93
1433192182,179335,view,262107,2015-06-01 20:56:22,2015-06-01 21:13:52,1050.0,0,94
1433193232,179239,view,183238,2015-06-01 21:13:52,2015-06-02 04:48:21,27269.0,1,94
1433220944,179437,view,335975,2015-06-02 04:55:44,2015-06-01 20:56:22,28762.0,1,95
1433221169,180680,view,456784,2015-06-02 04:59:29,2015-06-02 04:55:44,225.0,0,95
1433217301,183568,view,335913,2015-06-02 03:55:01,2015-06-02 04:59:29,3868.0000000000005,1,96
1433172463,184551,view,277276,2015-06-01 15:27:43,2015-06-02 03:55:01,44838.0,1,97
1433172605,184551,view,277276,2015-06-01 15:30:05,2015-06-01 15:27:43,142.0,0,97
1433192413,186920,view,248175,2015-06-01 21:00:13,2015-06-01 15:30:05,19808.0,1,98
1433174341,189384,addtocart,310791,2015-06-01 15:59:01,2015-06-01 21:00:13,18072.0,1,99
1433174518,189384,transaction,310791,2015-06-01 16:01:58,2015-06-01 15:59:01,177.0,0,99
1433174598,189384,view,299044,2015-06-01 16:03:18,2015-06-01 16:01:58,80.0,0,99
1433174919,189384,view,299044,2015-06-01 16:08:39,2015-06-01 16:03:18,321.0,0,99
1433175408,189384,view,299044,2015-06-01 16:16:48,2015-06-01 16:08:39,489.00000000000006,0,99
1433176298,190277,view,225083,2015-06-01 16:31:38,2015-06-01 16:16:48,890.0,0,99
1433194531,192487,view,170751,2015-06-01 21:35:31,2015-06-01 16:31:38,18233.0,1,100
1433194844,192487,view,153935,2015-06-01 21:40:44,2015-06-01 21:35:31,313.0,0,100
1433194920,192487,view,170751,2015-06-01 21:42:00,2015-06-01 21:40:44,76.0,0,100
1433217632,192682,view,311303,2015-06-02 04:00:32,2015-06-01 21:42:00,22712.0,1,101
1433217650,194340,view,162243,2015-06-02 04:00:50,2015-06-02 04:00:32,18.0,0,101
1433194969,196602,addtocart,63312,2015-06-01 21:42:49,2015-06-02 04:00:50,22681.0,1,102
1433216970,197249,view,59477,2015-06-02 03:49:30,2015-06-01 21:42:49,22001.0,1,103
1433193581,198036,view,337335,2015-06-01 21:19:41,2015-06-02 03:49:30,23389.0,1,104
1433224471,202383,view,261865,2015-06-02 05:54:31,2015-06-01 21:19:41,30890.000000000004,1,105
1433218895,208110,view,199484,2015-06-02 04:21:35,2015-06-02 05:54:31,5576.0,1,106
1433222482,208393,view,268266,2015-06-02 05:21:22,2015-06-02 04:21:35,3587.0,1,107
1433194580,209390,view,67487,2015-06-01 21:36:20,2015-06-02 05:21:22,27902.0,1,108
1433173218,212698,view,216305,2015-06-01 15:40:18,2015-06-01 21:36:20,21362.0,1,109
1433193176,216062,view,302948,2015-06-01 21:12:56,2015-06-01 21:14:06,70.0,0,110
1433193246,214589,view,267010,2015-06-01 21:14:06,2015-06-01 15:40:18,20028.0,1,110
1433194225,216332,view,65426,2015-06-01 21:30:25,2015-06-01 21:12:56,1049.0,0,110
1433175833,216801,view,289984,2015-06-01 16:23:53,2015-06-01 21:30:25,18392.0,1,111
1433175854,216801,view,19629,2015-06-01 16:24:14,2015-06-01 16:23:53,21.0,0,111
1433193341,219304,view,374673,2015-06-01 21:15:41,2015-06-01 16:24:14,17487.0,1,112
1433224078,223343,view,402625,2015-06-02 05:47:58,2015-06-01 21:15:41,30737.000000000004,1,113
1433216943,223779,view,463941,2015-06-02 03:49:03,2015-06-02 05:47:58,7135.0,1,114
1433191523,229335,view,222613,2015-06-01 20:45:23,2015-06-01 21:06:15,1252.0,0,115
1433192775,227368,view,108638,2015-06-01 21:06:15,2015-06-01 21:30:37,1462.0,0,115
1433194237,227335,view,443967,2015-06-01 21:30:37,2015-06-02 03:49:03,22706.0,1,115
1433174560,229653,view,165816,2015-06-01 16:02:40,2015-06-01 20:45:23,16963.0,1,116
1433222492,231733,view,324624,2015-06-02 05:21:32,2015-06-01 16:02:40,47932.0,1,117
1433174482,232569,view,306256,2015-06-01 16:01:22,2015-06-02 05:21:32,48010.0,1,118
1433218772,232712,view,336393,2015-06-02 04:19:32,2015-06-01 16:01:22,44290.0,1,119
1433221051,233317,view,75994,2015-06-02 04:57:31,2015-06-02 04:19:32,2279.0,1,120
1433221237,233317,view,75994,2015-06-02 05:00:37,2015-06-02 04:57:31,186.0,0,120
1433175017,234164,view,262917,2015-06-01 16:10:17,2015-06-02 05:00:37,46220.0,1,121
1433175308,234164,view,70277,2015-06-01 16:15:08,2015-06-01 16:10:17,291.0,0,121
1433175360,234513,view,216695,2015-06-01 16:16:00,2015-06-01 16:15:08,52.0,0,121
1433218373,236181,view,67182,2015-06-02 04:12:53,2015-06-01 16:16:00,43013.0,1,122
1433222366,238317,view,348196,2015-06-02 05:19:26,2015-06-02 04:12:53,3993.0000000000005,1,123
1433224782,239546,view,42002,2015-06-02 05:59:42,2015-06-02 05:19:26,2416.0,1,124
1433217621,239740,addtocart,367667,2015-06-02 04:00:21,2015-06-02 05:59:42,7161.0,1,125
1433218357,244974,view,328901,2015-06-02 04:12:37,2015-06-02 04:00:21,736.0,0,125
1433219467,246753,view,284941,2015-06-02 04:31:07,2015-06-02 04:12:37,1110.0,0,125
1433216733,248698,view,94952,2015-06-02 03:45:33,2015-06-02 04:31:07,2734.0,1,126
1433222894,248805,view,347194,2015-06-02 05:28:14,2015-06-02 03:45:33,6161.0,1,127
1433192807,249113,view,295785,2015-06-01 21:06:47,2015-06-02 05:28:14,30087.000000000004,1,128
1433193024,249113,view,425726,2015-06-01 21:10:24,2015-06-01 21:06:47,217.0,0,128
1433193164,249113,view,181673,2015-06-01 21:12:44,2015-06-01 21:10:24,140.0,0,128
1433218069,251041,view,393742,2015-06-02 04:07:49,2015-06-01 21:12:44,24905.0,1,129
1433192916,251908,view,212837,2015-06-01 21:08:36,2015-06-02 04:07:49,25153.0,1,130
1433172912,253731,view,307285,2015-06-01 15:35:12,2015-06-01 21:08:36,20004.0,1,131
1433217817,255540,view,50048,2015-06-02 04:03:37,2015-06-01 15:35:12,44905.0,1,132
1433219413,255540,view,347657,2015-06-02 04:30:13,2015-06-02 04:03:37,1596.0,0,132
1433219566,255540,view,310590,2015-06-02 04:32:46,2015-06-02 04:30:13,153.0,0,132
1433194739,256542,view,336552,2015-06-01 21:38:59,2015-06-02 04:32:46,24827.0,1,133
1433220772,257432,view,239604,2015-06-02 04:52:52,2015-06-01 21:38:59,26033.0,1,134
1433221332,257597,view,355908,2015-06-02 05:02:12,2015-06-02 04:52:52,560.0,0,134
1433173977,259302,view,299256,2015-06-01 15:52:57,2015-06-02 05:02:12,47355.0,1,135
1433191616,260599,view,86238,2015-06-01 20:46:56,2015-06-01 15:52:57,17639.0,1,136
1433217715,260791,view,323381,2015-06-02 04:01:55,2015-06-01 20:46:56,26099.0,1,137
1433176632,262510,view,58961,2015-06-01 16:37:12,2015-06-02 04:01:55,41083.0,1,138
1433220592,264879,view,115586,2015-06-02 04:49:52,2015-06-01 16:37:12,43960.0,1,139
1433220772,264879,view,115586,2015-06-02 04:52:52,2015-06-02 04:49:52,180.0,0,139
1433221998,265788,view,10620,2015-06-02 05:13:18,2015-06-02 04:52:52,1226.0,0,139
1433194935,266069,view,319910,2015-06-01 21:42:15,2015-06-02 05:13:18,27063.0,1,140
1433222012,266709,view,190545,2015-06-02 05:13:32,2015-06-01 21:42:15,27077.0,1,141
1433174634,273406,view,138114,2015-06-01 16:03:54,2015-06-02 05:13:32,47378.0,1,142
1433174825,273406,addtocart,214912,2015-06-01 16:07:05,2015-06-01 16:03:54,191.0,0,142
1433174892,273406,addtocart,120098,2015-06-01 16:08:12,2015-06-01 16:07:05,67.0,0,142
1433174996,273406,view,261288,2015-06-01 16:09:56,2015-06-01 16:08:12,104.0,0,142
1433175517,273406,view,351798,2015-06-01 16:18:37,2015-06-01 16:09:56,521.0,0,142
1433193541,273406,view,36683,2015-06-01 21:19:01,2015-06-01 16:18:37,18024.0,1,143
1433224266,273888,view,205392,2015-06-02 05:51:06,2015-06-01 21:19:01,30725.000000000004,1,144
1433176459,278983,view,75873,2015-06-01 16:34:19,2015-06-02 05:51:06,47807.0,1,145
1433224352,282587,view,78037,2015-06-02 05:52:32,2015-06-01 16:34:19,47893.0,1,146
1433173499,284327,view,147965,2015-06-01 15:44:59,2015-06-02 05:52:32,50853.0,1,147
1433220284,285091,view,218541,2015-06-02 04:44:44,2015-06-01 15:44:59,46785.0,1,148
1433220358,285091,view,450414,2015-06-02 04:45:58,2015-06-02 04:44:44,74.0,0,148
1433191866,286616,view,243470,2015-06-01 20:51:06,2015-06-02 04:45:58,28492.0,1,149
1433193611,286616,view,371590,2015-06-01 21:20:11,2015-06-01 20:51:06,1745.0,0,149
1433223236,287857,addtocart,5206,2015-06-02 05:33:56,2015-06-01 21:20:11,29625.000000000004,1,150
1433219189,288847,view,398379,2015-06-02 04:26:29,2015-06-02 05:33:56,4047.0000000000005,1,151
1433174910,289199,view,36906,2015-06-01 16:08:30,2015-06-02 04:26:29,44279.0,1,152
1433192866,290549,view,72611,2015-06-01 21:07:46,2015-06-01 16:08:30,17956.0,1,153
1433174549,291812,view,348942,2015-06-01 16:02:29,2015-06-01 21:07:46,18317.0,1,154
1433192849,292205,view,102229,2015-06-01 21:07:29,2015-06-01 21:31:43,1454.0,0,155
1433194303,292025,view,63184,2015-06-01 21:31:43,2015-06-01 16:02:29,19754.0,1,155
1433172617,293206,addtocart,379092,2015-06-01 15:30:17,2015-06-01 21:07:29,20232.0,1,156
1433222571,293285,view,288868,2015-06-02 05:22:51,2015-06-01 15:30:17,49954.0,1,157
1433174041,294006,view,441185,2015-06-01 15:54:01,2015-06-02 05:22:51,48530.0,1,158
1433192720,294125,view,428825,2015-06-01 21:05:20,2015-06-01 15:54:01,18679.0,1,159
1433176306,294658,view,283550,2015-06-01 16:31:46,2015-06-01 21:05:20,16414.0,1,160
1433173362,294858,view,245879,2015-06-01 15:42:42,2015-06-01 16:31:46,2944.0,1,161
1433194716,298291,view,24608,2015-06-01 21:38:36,2015-06-01 15:42:42,21354.0,1,162
1433222772,301980,view,288280,2015-06-02 05:26:12,2015-06-01 21:38:36,28056.0,1,163
1433175708,302896,view,257196,2015-06-01 16:21:48,2015-06-02 05:26:12,47064.0,1,164
1433175999,302896,view,111010,2015-06-01 16:26:39,2015-06-01 16:21:48,291.0,0,164
1433192145,303145,view,32971,2015-06-01 20:55:45,2015-06-01 16:26:39,16146.000000000002,1,165
1433219179,304146,view,42002,2015-06-02 04:26:19,2015-06-01 20:55:45,27034.0,1,166
1433219906,306088,view,281442,2015-06-02 04:38:26,2015-06-02 04:26:19,727.0,0,166
1433217639,310248,view,172340,2015-06-02 04:00:39,2015-06-02 04:38:26,2267.0,1,167
1433176583,312216,view,82452,2015-06-01 16:36:23,2015-06-02 04:00:39,41056.0,1,168
1433174387,312735,view,374841,2015-06-01 15:59:47,2015-06-01 16:36:23,2196.0,1,169
1433175016,314189,view,138027,2015-06-01 16:10:16,2015-06-01 15:59:47,629.0,0,169
1433176753,315969,view,95426,2015-06-01 16:39:13,2015-06-01 16:10:16,1737.0,0,169
1433192959,317642,view,58869,2015-06-01 21:09:19,2015-06-01 16:39:13,16206.000000000002,1,170
1433216663,318122,view,6266,2015-06-02 03:44:23,2015-06-01 21:09:19,23704.0,1,171
1433193881,320454,view,441953,2015-06-01 21:24:41,2015-06-02 03:44:23,22782.0,1,172
1433221135,320957,view,102131,2015-06-02 04:58:55,2015-06-01 21:24:41,27254.0,1,173
1433219090,322142,view,311052,2015-06-02 04:24:50,2015-06-02 04:58:55,2045.0000000000002,1,174
1433173071,322407,view,260957,2015-06-01 15:37:51,2015-06-02 04:24:50,46019.0,1,175
1433173592,322407,view,202835,2015-06-01 15:46:32,2015-06-01 15:37:51,521.0,0,175
1433173829,322407,view,337348,2015-06-01 15:50:29,2015-06-01 15:46:32,237.00000000000003,0,175
1433173938,322407,view,309403,2015-06-01 15:52:18,2015-06-01 15:50:29,109.0,0,175
1433176172,322407,view,202835,2015-06-01 16:29:32,2015-06-01 15:52:18,2234.0,1,176
1433217543,322679,view,352247,2015-06-02 03:59:03,2015-06-01 16:29:32,41371.0,1,177
1433193073,323192,view,185935,2015-06-01 21:11:13,2015-06-02 03:59:03,24470.0,1,178
1433173658,325929,view,5440,2015-06-01 15:47:38,2015-06-01 21:11:13,19415.0,1,179
1433222605,326029,view,455763,2015-06-02 05:23:25,2015-06-01 15:47:38,48947.0,1,180
1433182895,326157,view,88402,2015-06-01 18:21:35,2015-06-02 05:23:25,39710.0,1,181
1433220428,328465,view,452210,2015-06-02 04:47:08,2015-06-01 18:21:35,37533.0,1,182
1433220614,328465,view,452210,2015-06-02 04:50:14,2015-06-02 04:47:08,186.0,0,182
1433217983,328935,view,48072,2015-06-02 04:06:23,2015-06-02 04:50:14,2631.0,1,183
1433194772,330834,view,134118,2015-06-01 21:39:32,2015-06-02 04:06:23,23211.0,1,184
1433173582,332434,view,97932,2015-06-01 15:46:22,2015-06-01 21:39:32,21190.0,1,185
1433218592,332961,view,464409,2015-06-02 04:16:32,2015-06-01 15:46:22,45010.0,1,186
1433218762,332961,view,19572,2015-06-02 04:19:22,2015-06-02 04:16:32,170.0,0,186
1433191787,333162,view,434278,2015-06-01 20:49:47,2015-06-02 04:19:22,26975.0,1,187
1433220245,333827,view,335975,2015-06-02 04:44:05,2015-06-01 20:49:47,28458.0,1,188
1433223968,338231,view,141264,2015-06-02 05:46:08,2015-06-02 04:44:05,3723.0000000000005,1,189
1433221204,339335,view,82389,2015-06-02 05:00:04,2015-06-02 05:46:08,2764.0,1,190
1433175629,343153,view,28100,2015-06-01 16:20:29,2015-06-02 05:00:04,45575.0,1,191
1433175741,343153,view,253615,2015-06-01 16:22:21,2015-06-01 16:20:29,112.0,0,191
1433176063,343153,view,262159,2015-06-01 16:27:43,2015-06-01 16:22:21,322.0,0,191
1433176121,343153,view,262159,2015-06-01 16:28:41,2015-06-01 16:27:43,58.00000000000001,0,191
1433218862,343908,view,105720,2015-06-02 04:21:02,2015-06-01 16:28:41,42741.0,1,192
1433193043,344176,view,95655,2015-06-01 21:10:43,2015-06-02 04:21:02,25819.0,1,193
1433221835,346219,view,37945,2015-06-02 05:10:35,2015-06-01 21:10:43,28792.0,1,194
1433172326,347864,view,314784,2015-06-01 15:25:26,2015-06-02 05:10:35,49509.0,1,195
1433173003,348743,view,386056,2015-06-01 15:36:43,2015-06-01 15:25:26,677.0,0,195
1433174974,350566,view,47457,2015-06-01 16:09:34,2015-06-01 15:36:43,1971.0000000000002,1,196
1433176296,350566,view,379520,2015-06-01 16:31:36,2015-06-01 16:09:34,1322.0,0,196
1433182901,350566,view,299044,2015-06-01 18:21:41,2015-06-01 16:31:36,6605.0,1,197
1433192107,350566,view,458265,2015-06-01 20:55:07,2015-06-01 18:21:41,9206.0,1,198
1433194005,350566,view,462394,2015-06-01 21:26:45,2015-06-01 20:55:07,1898.0000000000002,1,199
1433191636,351150,view,246110,2015-06-01 20:47:16,2015-06-01 21:26:45,2369.0,1,200
1433175558,352608,view,113646,2015-06-01 16:19:18,2015-06-01 20:47:16,16078.000000000002,1,201
1433193294,355079,view,444951,2015-06-01 21:14:54,2015-06-01 16:19:18,17736.0,1,202
1433174235,356857,view,448817,2015-06-01 15:57:15,2015-06-01 21:14:54,19059.0,1,203
1433221107,357556,view,13091,2015-06-02 04:58:27,2015-06-01 15:57:15,46872.0,1,204
1433224644,361387,view,43485,2015-06-02 05:57:24,2015-06-02 04:58:27,3537.0,1,205
1433218589,363915,view,260256,2015-06-02 04:16:29,2015-06-02 05:57:24,6055.0,1,206
1433174138,367820,view,43389,2015-06-01 15:55:38,2015-06-02 04:16:29,44451.0,1,207
1433174628,369530,view,94198,2015-06-01 16:03:48,2015-06-01 15:55:38,490.00000000000006,0,207
1433219785,369776,view,198798,2015-06-02 04:36:25,2015-06-01 16:03:48,45157.0,1,208
1433174362,370699,view,360403,2015-06-01 15:59:22,2015-06-02 04:36:25,45423.0,1,209
1433194377,371220,view,161478,2015-06-01 21:32:57,2015-06-01 15:59:22,20015.0,1,210
1433173076,371359,view,139898,2015-06-01 15:37:56,2015-06-01 21:32:57,21301.0,1,211
1433218856,375514,view,374363,2015-06-02 04:20:56,2015-06-01 15:37:56,45780.0,1,212
1433224041,376913,view,140848,2015-06-02 05:47:21,2015-06-02 04:20:56,5185.0,1,213
1433176373,383770,view,158507,2015-06-01 16:32:53,2015-06-02 05:47:21,47668.0,1,214
1433173323,384824,view,392895,2015-06-01 15:42:03,2015-06-01 16:32:53,3050.0,1,215
1433193554,385457,view,456627,2015-06-01 21:19:14,2015-06-01 15:42:03,20231.0,1,216
1433218148,388217,view,170599,2015-06-02 04:09:08,2015-06-01 21:19:14,24594.0,1,217
1433175618,390248,view,376911,2015-06-01 16:20:18,2015-06-02 04:09:08,42530.0,1,218
1433175776,390248,view,327424,2015-06-01 16:22:56,2015-06-01 16:20:18,158.0,0,218
1433216686,390730,view,181576,2015-06-02 03:44:46,2015-06-01 16:22:56,40910.0,1,219
1433220912,390868,view,432330,2015-06-02 04:55:12,2015-06-02 03:44:46,4226.0,1,220
1433223785,392042,view,280375,2015-06-02 05:43:05,2015-06-02 04:55:12,2873.0,1,221
1433223790,392042,view,16813,2015-06-02 05:43:10,2015-06-02 05:43:05,5.0,0,221
1433194291,393390,view,465522,2015-06-01 21:31:31,2015-06-02 05:43:10,29499.000000000004,1,222
1433218078,397995,view,229204,2015-06-02 04:07:58,2015-06-01 21:31:31,23787.0,1,223
1433222088,398762,view,21886,2015-06-02 05:14:48,2015-06-02 04:07:58,4010.0000000000005,1,224
1433222623,402205,view,46130,2015-06-02 05:23:43,2015-06-02 05:14:48,535.0,0,224
1433173437,404768,view,325256,2015-06-01 15:43:57,2015-06-02 05:23:43,49186.0,1,225
1433173489,404768,view,421884,2015-06-01 15:44:49,2015-06-01 15:43:57,52.0,0,225
1433173535,404768,view,263188,2015-06-01 15:45:35,2015-06-01 15:44:49,46.0,0,225
1433174718,406429,view,78978,2015-06-01 16:05:18,2015-06-01 15:45:35,1183.0,0,225
1433217991,407935,view,103076,2015-06-02 04:06:31,2015-06-01 16:05:18,43273.0,1,226
1433176640,409254,view,276245,2015-06-01 16:37:20,2015-06-02 04:06:31,41351.0,1,227
1433191711,409263,view,360173,2015-06-01 20:48:31,2015-06-01 16:37:20,15071.000000000002,1,228
1433193927,416876,view,350766,2015-06-01 21:25:27,2015-06-01 21:36:39,672.0,0,229
1433194182,420571,view,241752,2015-06-01 21:29:42,2015-06-01 21:30:22,40.0,0,229
1433194222,418972,view,174172,2015-06-01 21:30:22,2015-06-01 21:25:27,295.0,0,229
1433194599,413869,view,232858,2015-06-01 21:36:39,2015-06-01 20:48:31,2888.0,1,229
1433191477,421206,view,38006,2015-06-01 20:44:37,2015-06-01 21:29:42,2705.0,1,230
1433191554,421206,view,392392,2015-06-01 20:45:54,2015-06-01 20:44:37,77.0,0,230
1433172592,422883,view,54435,2015-06-01 15:29:52,2015-06-01 20:45:54,18962.0,1,231
1433192015,422998,view,99496,2015-06-01 20:53:35,2015-06-01 15:29:52,19423.0,1,232
1433220966,424164,view,397256,2015-06-02 04:56:06,2015-06-01 20:53:35,28951.0,1,233
1433173964,425170,view,37402,2015-06-01 15:52:44,2015-06-02 04:56:06,47002.0,1,234
1433174122,425170,view,37402,2015-06-01 15:55:22,2015-06-01 15:52:44,158.0,0,234
1433174319,425170,view,398012,2015-06-01 15:58:39,2015-06-01 15:55:22,197.0,0,234
1433174516,425170,view,228325,2015-06-01 16:01:56,2015-06-01 15:58:39,197.0,0,234
1433192202,425516,view,466472,2015-06-01 20:56:42,2015-06-01 16:01:56,17686.0,1,235
1433222046,428642,view,359747,2015-06-02 05:14:06,2015-06-01 20:56:42,29844.000000000004,1,236
1433222291,428642,view,7438,2015-06-02 05:18:11,2015-06-02 05:14:06,245.00000000000003,0,236
1433222860,428642,view,190172,2015-06-02 05:27:40,2015-06-02 05:18:11,569.0,0,236
1433222877,432824,view,221347,2015-06-02 05:27:57,2015-06-02 05:28:50,53.0,0,236
1433222930,428642,view,167337,2015-06-02 05:28:50,2015-06-02 05:27:40,70.0,0,236
1433223574,432882,view,102061,2015-06-02 05:39:34,2015-06-02 05:27:57,697.0,0,236
1433175083,433834,view,420578,2015-06-01 16:11:23,2015-06-02 05:39:34,48491.0,1,237
1433176494,434006,view,100307,2015-06-01 16:34:54,2015-06-01 16:11:23,1411.0,0,237
1433194439,435847,view,2263,2015-06-01 21:33:59,2015-06-01 16:34:54,17945.0,1,238
1433176050,438659,view,4332,2015-06-01 16:27:30,2015-06-01 21:33:59,18389.0,1,239
1433222949,442035,view,75006,2015-06-02 05:29:09,2015-06-01 16:27:30,46899.0,1,240
1433175184,442414,view,71846,2015-06-01 16:13:04,2015-06-02 05:29:09,47765.0,1,241
1433218656,443049,view,242521,2015-06-02 04:17:36,2015-06-01 16:13:04,43472.0,1,242
1433174342,446721,view,332628,2015-06-01 15:59:02,2015-06-02 04:17:36,44314.0,1,243
1433193049,447658,view,302303,2015-06-01 21:10:49,2015-06-01 15:59:02,18707.0,1,244
1433176143,448855,view,256695,2015-06-01 16:29:03,2015-06-01 21:10:49,16906.0,1,245
1433221724,448895,view,322930,2015-06-02 05:08:44,2015-06-01 16:29:03,45581.0,1,246
1433216884,450932,view,435713,2015-06-02 03:48:04,2015-06-02 05:08:44,4840.0,1,247
1433176770,451946,view,459475,2015-06-01 16:39:30,2015-06-02 03:48:04,40114.0,1,248
1433173342,452021,view,96680,2015-06-01 15:42:22,2015-06-01 16:39:30,3428.0,1,249
1433224554,453474,view,250696,2015-06-02 05:55:54,2015-06-01 15:42:22,51212.0,1,250
1433221689,456697,view,398579,2015-06-02 05:08:09,2015-06-02 05:55:54,2865.0,1,251
1433192401,457237,view,234185,2015-06-01 21:00:01,2015-06-02 05:08:09,29288.000000000004,1,252
1433193748,463621,view,257040,2015-06-01 21:22:28,2015-06-01 21:22:40,12.0,0,252
1433193760,463561,view,451967,2015-06-01 21:22:40,2015-06-01 21:00:01,1359.0,0,252
1433193798,463621,view,372845,2015-06-01 21:23:18,2015-06-01 21:22:28,50.0,0,252
1433172163,465755,view,294632,2015-06-01 15:22:43,2015-06-01 21:23:18,21635.0,1,253
1433219620,468850,view,179601,2015-06-02 04:33:40,2015-06-02 04:54:08,1228.0,0,254
1433220848,467124,view,396318,2015-06-02 04:54:08,2015-06-01 15:22:43,48685.0,1,254
1433175945,472533,view,12523,2015-06-01 16:25:45,2015-06-02 04:33:40,43675.0,1,255
1433218148,472949,view,310353,2015-06-02 04:09:08,2015-06-01 16:25:45,42203.0,1,256
1433193161,473837,view,416987,2015-06-01 21:12:41,2015-06-02 04:09:08,24987.0,1,257
1433220802,479753,view,139068,2015-06-02 04:53:22,2015-06-01 21:12:41,27641.0,1,258
1433217778,481406,view,347013,2015-06-02 04:02:58,2015-06-02 04:53:22,3024.0,1,259
1433191990,481837,view,247307,2015-06-01 20:53:10,2015-06-02 04:02:58,25788.0,1,260
1433221955,483717,view,253185,2015-06-02 05:12:35,2015-06-01 20:53:10,29965.000000000004,1,261
1433218099,483962,view,35881,2015-06-02 04:08:19,2015-06-02 05:12:35,3856.0000000000005,1,262
1433224056,485456,view,216707,2015-06-02 05:47:36,2015-06-02 04:08:19,5957.0,1,263
1433175963,485745,view,182642,2015-06-01 16:26:03,2015-06-01 16:39:38,815.0,0,264
1433176778,485547,view,205347,2015-06-01 16:39:38,2015-06-02 05:47:36,47278.0,1,264
1433193833,486646,view,306260,2015-06-01 21:23:53,2015-06-01 16:26:03,17870.0,1,265
1433173712,487643,view,29100,2015-06-01 15:48:32,2015-06-01 21:23:53,20121.0,1,266
1433221018,487887,view,345560,2015-06-02 04:56:58,2015-06-01 15:48:32,47306.0,1,267
1433174641,492165,view,38913,2015-06-01 16:04:01,2015-06-02 04:56:58,46377.0,1,268
1433175109,492165,view,191101,2015-06-01 16:11:49,2015-06-01 16:04:01,468.00000000000006,0,268
1433220051,492414,view,8501,2015-06-02 04:40:51,2015-06-01 16:11:49,44942.0,1,269
1433222897,492414,view,279976,2015-06-02 05:28:17,2015-06-02 04:40:51,2846.0,1,270
1433220205,493360,view,422822,2015-06-02 04:43:25,2015-06-02 05:28:17,2692.0,1,271
1433173034,494371,view,239020,2015-06-01 15:37:14,2015-06-02 04:43:25,47171.0,1,272
1433218108,494732,view,137440,2015-06-02 04:08:28,2015-06-01 15:37:14,45074.0,1,273
1433219818,495280,view,387660,2015-06-02 04:36:58,2015-06-02 04:08:28,1710.0,0,273
1433222341,497111,view,367617,2015-06-02 05:19:01,2015-06-02 04:36:58,2523.0,1,274
1433220057,498467,view,57165,2015-06-02 04:40:57,2015-06-02 05:19:01,2284.0,1,275
1433176437,499677,view,30513,2015-06-01 16:33:57,2015-06-02 04:40:57,43620.0,1,276
1433172373,500669,view,447995,2015-06-01 15:26:13,2015-06-01 16:33:57,4064.0000000000005,1,277
1433176539,503578,view,45121,2015-06-01 16:35:39,2015-06-01 15:26:13,4166.0,1,278
1433224303,503970,view,448136,2015-06-02 05:51:43,2015-06-01 16:35:39,47764.0,1,279
1433222409,506289,view,131383,2015-06-02 05:20:09,2015-06-02 05:51:43,1894.0000000000002,1,280
1433192651,511064,view,354042,2015-06-01 21:04:11,2015-06-02 05:20:09,29758.000000000004,1,281
1433224464,513527,view,227437,2015-06-02 05:54:24,2015-06-01 21:04:11,31813.000000000004,1,282
1433218541,517546,view,97750,2015-06-02 04:15:41,2015-06-02 05:54:24,5923.0,1,283
1433176098,518659,view,426298,2015-06-01 16:28:18,2015-06-02 04:15:41,42443.0,1,284
1433172992,518838,view,354701,2015-06-01 15:36:32,2015-06-01 16:28:18,3106.0,1,285
1433217522,520695,view,273743,2015-06-02 03:58:42,2015-06-02 04:07:36,534.0,0,286
1433218056,519449,view,277651,2015-06-02 04:07:36,2015-06-01 15:36:32,45064.0,1,286
1433218913,524378,view,417276,2015-06-02 04:21:53,2015-06-02 03:58:42,1391.0,0,286
1433221152,526166,view,332761,2015-06-02 04:59:12,2015-06-02 04:21:53,2239.0,1,287
1433222646,529601,view,161166,2015-06-02 05:24:06,2015-06-02 04:59:12,1494.0,0,287
1433175521,532258,view,157361,2015-06-01 16:18:41,2015-06-02 05:24:06,47125.0,1,288
1433218501,535937,view,206925,2015-06-02 04:15:01,2015-06-01 16:18:41,42980.0,1,289
1433194261,536068,view,91607,2015-06-01 21:31:01,2015-06-02 04:15:01,24240.0,1,290
1433224396,536254,view,267839,2015-06-02 05:53:16,2015-06-01 21:31:01,30135.000000000004,1,291
1433192565,536514,view,80299,2015-06-01 21:02:45,2015-06-02 05:53:16,31831.000000000004,1,292
1433194701,539910,view,385201,2015-06-01 21:38:21,2015-06-01 21:02:45,2136.0,1,293
1433217075,542333,view,199952,2015-06-02 03:51:15,2015-06-01 21:38:21,22374.0,1,294
1433192812,544163,view,174955,2015-06-01 21:06:52,2015-06-02 03:51:15,24263.0,1,295
1433194613,547051,view,184199,2015-06-01 21:36:53,2015-06-01 21:06:52,1801.0,1,296
1433175753,548480,view,41217,2015-06-01 16:22:33,2015-06-01 21:36:53,18860.0,1,297
1433193383,550788,view,440180,2015-06-01 21:16:23,2015-06-01 16:22:33,17630.0,1,298
1433173394,551925,view,304719,2015-06-01 15:43:14,2015-06-01 21:16:23,19989.0,1,299
1433193915,552148,transaction,81345,2015-06-01 21:25:15,2015-06-01 15:43:14,20521.0,1,300
1433194427,553917,view,93001,2015-06-01 21:33:47,2015-06-01 21:35:50,123.00000000000001,0,300
1433194550,553696,view,265505,2015-06-01 21:35:50,2015-06-01 21:25:15,635.0,0,300
1433173152,556273,view,152085,2015-06-01 15:39:12,2015-06-01 21:33:47,21275.0,1,301
1433173239,556273,view,401264,2015-06-01 15:40:39,2015-06-01 15:39:12,87.0,0,301
1433173243,557378,view,24855,2015-06-01 15:40:43,2015-06-01 15:46:11,328.0,0,301
1433173365,557378,view,250658,2015-06-01 15:42:45,2015-06-01 15:40:43,122.00000000000001,0,301
1433173571,556273,view,29908,2015-06-01 15:46:11,2015-06-01 15:40:39,332.0,0,301
1433224666,557587,view,131882,2015-06-02 05:57:46,2015-06-01 15:42:45,51301.0,1,302
1433173541,565684,view,387488,2015-06-01 15:45:41,2015-06-01 16:11:57,1576.0,0,303
1433174008,559000,view,313203,2015-06-01 15:53:28,2015-06-02 05:57:46,50658.0,1,303
1433175117,562136,view,293687,2015-06-01 16:11:57,2015-06-01 15:53:28,1109.0,0,303
1433216986,568374,view,79368,2015-06-02 03:49:46,2015-06-01 15:45:41,43445.0,1,304
1433217542,573280,view,212918,2015-06-02 03:59:02,2015-06-02 04:22:01,1379.0,0,304
1433218427,571258,addtocart,50329,2015-06-02 04:13:47,2015-06-02 03:49:46,1441.0,0,304
1433218815,572783,view,73593,2015-06-02 04:20:15,2015-06-02 04:13:47,388.0,0,304
1433218921,572783,view,328696,2015-06-02 04:22:01,2015-06-02 04:20:15,106.0,0,304
1433220667,580269,view,62866,2015-06-02 04:51:07,2015-06-02 03:59:02,3125.0,1,305
1433191780,588923,view,218505,2015-06-01 20:49:40,2015-06-02 04:51:07,28887.0,1,306
1433192018,588923,view,196038,2015-06-01 20:53:38,2015-06-01 20:49:40,238.00000000000003,0,306
1433220487,591033,view,460188,2015-06-02 04:48:07,2015-06-02 05:07:30,1163.0,0,307
1433221172,591038,view,367500,2015-06-02 04:59:32,2015-06-02 04:48:07,685.0,0,307
1433221650,589997,view,110122,2015-06-02 05:07:30,2015-06-01 20:53:38,29632.000000000004,1,307
1433217612,591350,view,253615,2015-06-02 04:00:12,2015-06-02 04:59:32,3560.0,1,308
1433217765,596533,view,56153,2015-06-02 04:02:45,2015-06-02 04:04:45,120.00000000000001,0,308
1433217885,594902,view,64521,2015-06-02 04:04:45,2015-06-02 04:00:12,273.0,0,308
1433175943,596655,view,65889,2015-06-01 16:25:43,2015-06-02 04:02:45,41822.0,1,309
1433221941,599528,addtocart,356475,2015-06-02 05:12:21,2015-06-02 05:41:37,1756.0,0,310
1433222134,597724,view,134264,2015-06-02 05:15:34,2015-06-01 16:25:43,46191.0,1,310
1433222276,599528,transaction,356475,2015-06-02 05:17:56,2015-06-02 05:12:21,335.0,0,310
1433223697,598426,view,156489,2015-06-02 05:41:37,2015-06-02 05:15:34,1563.0,0,310
1433174778,601744,view,384514,2015-06-01 16:06:18,2015-06-02 05:17:56,47498.0,1,311
1433192182,605852,view,80435,2015-06-01 20:56:22,2015-06-01 16:06:18,17404.0,1,312
1433194403,606967,view,192832,2015-06-01 21:33:23,2015-06-01 20:56:22,2221.0,1,313
1433175848,607793,view,168515,2015-06-01 16:24:08,2015-06-01 21:33:23,18555.0,1,314
1433224683,608100,view,187722,2015-06-02 05:58:03,2015-06-01 16:24:08,48835.0,1,315
1433194372,609410,view,207825,2015-06-01 21:32:52,2015-06-02 05:58:03,30311.000000000004,1,316
1433172758,610183,view,272563,2015-06-01 15:32:38,2015-06-01 21:32:52,21614.0,1,317
1433172971,610183,view,60214,2015-06-01 15:36:11,2015-06-01 15:32:38,213.0,0,317
1433191774,612769,view,343537,2015-06-01 20:49:34,2015-06-01 21:09:35,1201.0,0,318
1433192975,611473,view,455006,2015-06-01 21:09:35,2015-06-01 21:34:13,1478.0,0,318
1433194350,610183,view,436461,2015-06-01 21:32:30,2015-06-01 15:36:11,21379.0,1,318
1433194453,610183,view,396238,2015-06-01 21:34:13,2015-06-01 21:32:30,103.0,0,318
1433175496,615793,view,355994,2015-06-01 16:18:16,2015-06-01 20:49:34,16278.000000000002,1,319
1433175546,615793,addtocart,355994,2015-06-01 16:19:06,2015-06-01 16:18:16,50.0,0,319
1433175619,615793,view,306433,2015-06-01 16:20:19,2015-06-01 16:19:06,73.0,0,319
1433175889,615793,view,319992,2015-06-01 16:24:49,2015-06-01 16:20:19,270.0,0,319
1433175920,615793,view,460188,2015-06-01 16:25:20,2015-06-01 16:24:49,31.000000000000004,0,319
1433176017,615793,view,319992,2015-06-01 16:26:57,2015-06-01 16:25:20,97.0,0,319
1433192113,623748,view,305760,2015-06-01 20:55:13,2015-06-01 16:26:57,16096.000000000002,1,320
1433176251,623884,view,5127,2015-06-01 16:30:51,2015-06-01 20:55:13,15862.000000000002,1,321
1433218657,624593,view,437293,2015-06-02 04:17:37,2015-06-01 16:30:51,42406.0,1,322
1433224388,625389,view,316135,2015-06-02 05:53:08,2015-06-02 04:17:37,5731.0,1,323
1433220184,626205,view,226127,2015-06-02 04:43:04,2015-06-02 05:53:08,4204.0,1,324
1433193207,628886,view,105274,2015-06-01 21:13:27,2015-06-02 04:43:04,26977.0,1,325
1433223176,629333,view,128394,2015-06-02 05:32:56,2015-06-01 21:13:27,29969.000000000004,1,326
1433174101,629501,view,275648,2015-06-01 15:55:01,2015-06-02 05:32:56,49075.0,1,327
1433176451,632561,view,243336,2015-06-01 16:34:11,2015-06-01 15:55:01,2350.0,1,328
1433173167,633164,view,80622,2015-06-01 15:39:27,2015-06-01 16:34:11,3284.0,1,329
1433224324,635011,view,142075,2015-06-02 05:52:04,2015-06-01 15:39:27,51157.0,1,330
1433193032,639964,view,360258,2015-06-01 21:10:32,2015-06-02 05:52:04,31292.000000000004,1,331
1433220473,644296,view,203679,2015-06-02 04:47:53,2015-06-01 21:10:32,27441.0,1,332
1433175699,647928,view,408649,2015-06-01 16:21:39,2015-06-02 04:47:53,44774.0,1,333
1433194545,648957,view,121453,2015-06-01 21:35:45,2015-06-01 16:21:39,18846.0,1,334
1433172525,653625,view,420871,2015-06-01 15:28:45,2015-06-01 15:55:09,1584.0,0,335
1433172578,649450,view,19664,2015-06-01 15:29:38,2015-06-01 21:35:45,21967.0,1,335
1433174109,651718,view,51646,2015-06-01 15:55:09,2015-06-01 15:29:38,1531.0,0,335
1433224252,653756,view,132316,2015-06-02 05:50:52,2015-06-01 15:28:45,51727.0,1,336
1433194802,660365,view,449646,2015-06-01 21:40:02,2015-06-02 05:50:52,29450.000000000004,1,337
1433217499,662168,view,184628,2015-06-02 03:58:19,2015-06-01 21:40:02,22697.0,1,338
1433217609,663067,view,167271,2015-06-02 04:00:09,2015-06-02 04:14:09,840.0,0,338
1433217810,662168,view,122604,2015-06-02 04:03:30,2015-06-02 03:58:19,311.0,0,338
1433218433,662168,view,184628,2015-06-02 04:13:53,2015-06-02 04:03:30,623.0,0,338
1433218449,662168,view,37029,2015-06-02 04:14:09,2015-06-02 04:13:53,16.0,0,338
1433193414,663314,view,47139,2015-06-01 21:16:54,2015-06-02 04:00:09,24195.0,1,339
1433219119,663787,view,219936,2015-06-02 04:25:19,2015-06-01 21:16:54,25705.0,1,340
1433173640,668436,view,193359,2015-06-01 15:47:20,2015-06-02 04:25:19,45479.0,1,341
1433193490,668712,view,291770,2015-06-01 21:18:10,2015-06-01 15:47:20,19850.0,1,342
1433175028,670171,view,429870,2015-06-01 16:10:28,2015-06-01 21:18:10,18462.0,1,343
1433220208,670253,view,390232,2015-06-02 04:43:28,2015-06-01 16:10:28,45180.0,1,344
1433172193,670816,view,296594,2015-06-01 15:23:13,2015-06-02 04:43:28,48015.0,1,345
1433173728,672060,view,217268,2015-06-01 15:48:48,2015-06-01 15:23:13,1535.0,0,345
1433192041,672744,view,318333,2015-06-01 20:54:01,2015-06-01 21:16:02,1321.0,0,346
1433193351,672710,view,77173,2015-06-01 21:15:51,2015-06-01 15:48:48,19623.0,1,346
1433193362,672710,view,161346,2015-06-01 21:16:02,2015-06-01 21:15:51,11.0,0,346
1433175003,673927,view,425647,2015-06-01 16:10:03,2015-06-01 20:54:01,17038.0,1,347
1433217699,674436,view,207581,2015-06-02 04:01:39,2015-06-01 16:10:03,42696.0,1,348
1433218692,676904,view,37583,2015-06-02 04:18:12,2015-06-02 04:01:39,993.0000000000001,0,348
1433192344,676969,view,276704,2015-06-01 20:59:04,2015-06-02 04:18:12,26348.0,1,349
1433194893,679474,view,368057,2015-06-01 21:41:33,2015-06-01 20:59:04,2549.0,1,350
1433194905,679474,view,83791,2015-06-01 21:41:45,2015-06-01 21:41:33,12.0,0,350
1433217038,680829,view,188698,2015-06-02 03:50:38,2015-06-01 21:41:45,22133.0,1,351
1433217951,680960,view,305786,2015-06-02 04:05:51,2015-06-02 03:50:38,913.0000000000001,0,351
1433221092,685949,view,395002,2015-06-02 04:58:12,2015-06-02 04:05:51,3141.0,1,352
1433193948,690053,view,421615,2015-06-01 21:25:48,2015-06-02 04:58:12,27144.0,1,353
1433223138,692195,view,112792,2015-06-02 05:32:18,2015-06-01 21:25:48,29190.0,1,354
1433174603,693763,view,265482,2015-06-01 16:03:23,2015-06-02 05:32:18,48535.0,1,355
1433172352,697663,view,110994,2015-06-01 15:25:52,2015-06-01 16:03:23,2251.0,1,356
1433218909,697865,view,343878,2015-06-02 04:21:49,2015-06-01 15:25:52,46557.0,1,357
1433216886,703707,view,330649,2015-06-02 03:48:06,2015-06-02 04:21:49,2023.0000000000002,1,358
1433219959,712443,view,346655,2015-06-02 04:39:19,2015-06-02 03:48:06,3073.0,1,359
1433220598,712443,view,431322,2015-06-02 04:49:58,2015-06-02 04:39:19,639.0,0,359
1433220690,712443,view,431322,2015-06-02 04:51:30,2015-06-02 04:49:58,92.0,0,359
1433221740,712443,view,346655,2015-06-02 05:09:00,2015-06-02 04:51:30,1050.0,0,359
1433172221,715063,view,319992,2015-06-01 15:23:41,2015-06-02 05:09:00,49519.0,1,360
1433218833,719855,view,303055,2015-06-02 04:20:33,2015-06-01 15:23:41,46612.0,1,361
1433221149,721839,view,391289,2015-06-02 04:59:09,2015-06-02 04:20:33,2316.0,1,362
1433191598,721927,view,59467,2015-06-01 20:46:38,2015-06-02 04:59:09,29551.000000000004,1,363
1433217096,722736,view,167587,2015-06-02 03:51:36,2015-06-01 20:46:38,25498.0,1,364
1433217148,726049,view,463238,2015-06-02 03:52:28,2015-06-02 03:51:36,52.0,0,364
1433182929,728227,view,240909,2015-06-01 18:22:09,2015-06-02 03:52:28,34219.0,1,365
1433192144,733007,view,188148,2015-06-01 20:55:44,2015-06-01 18:22:09,9215.0,1,366
1433218757,734678,view,162345,2015-06-02 04:19:17,2015-06-01 20:55:44,26613.0,1,367
1433220872,736627,view,98498,2015-06-02 04:54:32,2015-06-02 04:19:17,2115.0,1,368
1433192417,738984,view,61847,2015-06-01 21:00:17,2015-06-02 04:54:32,28455.0,1,369
1433174759,740145,view,442683,2015-06-01 16:05:59,2015-06-01 21:00:17,17658.0,1,370
1433218807,741671,view,443875,2015-06-02 04:20:07,2015-06-01 16:05:59,44048.0,1,371
1433223102,741702,view,350819,2015-06-02 05:31:42,2015-06-02 04:20:07,4295.0,1,372
1433191548,742458,view,250212,2015-06-01 20:45:48,2015-06-02 05:31:42,31554.000000000004,1,373
1433218670,745693,view,412297,2015-06-02 04:17:50,2015-06-01 20:45:48,27122.0,1,374
1433219052,745798,view,179849,2015-06-02 04:24:12,2015-06-02 04:17:50,382.0,0,374
1433192456,748891,view,176162,2015-06-01 21:00:56,2015-06-02 04:24:12,26596.0,1,375
1433175674,749276,view,61240,2015-06-01 16:21:14,2015-06-01 21:00:56,16782.0,1,376
1433175685,749276,addtocart,61240,2015-06-01 16:21:25,2015-06-01 16:21:14,11.0,0,376
1433173088,751255,view,167484,2015-06-01 15:38:08,2015-06-01 16:21:25,2597.0,1,377
1433175266,752647,view,360516,2015-06-01 16:14:26,2015-06-01 15:38:08,2178.0,1,378
1433192024,753508,view,20785,2015-06-01 20:53:44,2015-06-01 20:58:41,297.0,0,379
1433192321,752818,view,43391,2015-06-01 20:58:41,2015-06-01 16:14:26,17055.0,1,379
1433194073,757620,view,397995,2015-06-01 21:27:53,2015-06-01 20:53:44,2049.0,1,380
1433173870,759131,view,13021,2015-06-01 15:51:10,2015-06-01 21:27:53,20203.0,1,381
1433223148,759369,view,386527,2015-06-02 05:32:28,2015-06-01 15:51:10,49278.0,1,382
1433175328,759851,view,248816,2015-06-01 16:15:28,2015-06-02 05:32:28,47820.0,1,383
1433222793,761633,view,432152,2015-06-02 05:26:33,2015-06-01 16:15:28,47465.0,1,384
1433192387,766230,view,286065,2015-06-01 20:59:47,2015-06-01 21:18:46,1139.0,0,385
1433193518,768855,view,316444,2015-06-01 21:18:38,2015-06-01 20:59:47,1131.0,0,385
1433193526,765834,view,179601,2015-06-01 21:18:46,2015-06-02 05:26:33,29267.000000000004,1,385
1433220179,769795,view,438182,2015-06-02 04:42:59,2015-06-01 21:18:38,26661.0,1,386
1433173628,769892,view,285729,2015-06-01 15:47:08,2015-06-02 04:42:59,46551.0,1,387
1433173811,769892,view,335041,2015-06-01 15:50:11,2015-06-01 15:47:08,183.0,0,387
1433216735,772309,addtocart,72422,2015-06-02 03:45:35,2015-06-01 15:50:11,42924.0,1,388
1433216936,772309,view,34435,2015-06-02 03:48:56,2015-06-02 03:45:35,201.0,0,388
1433220673,774019,view,76734,2015-06-02 04:51:13,2015-06-02 03:48:56,3737.0000000000005,1,389
1433218636,776534,view,20388,2015-06-02 04:17:16,2015-06-02 04:51:13,2037.0000000000002,1,390
1433218656,776534,view,20388,2015-06-02 04:17:36,2015-06-02 04:17:16,20.0,0,390
1433194139,777066,view,125810,2015-06-01 21:28:59,2015-06-02 04:17:36,24517.0,1,391
1433216559,777089,view,221329,2015-06-02 03:42:39,2015-06-01 21:28:59,22420.0,1,392
1433176488,777696,view,158829,2015-06-01 16:34:48,2015-06-02 03:42:39,40071.0,1,393
1433182613,778052,view,234865,2015-06-01 18:16:53,2015-06-01 16:34:48,6125.0,1,394
1433192715,778817,view,184370,2015-06-01 21:05:15,2015-06-01 18:16:53,10102.0,1,395
1433216689,778866,view,281958,2015-06-02 03:44:49,2015-06-01 21:05:15,23974.0,1,396
1433173244,779901,view,368094,2015-06-01 15:40:44,2015-06-02 03:44:49,43445.0,1,397
1433221373,781127,view,21989,2015-06-02 05:02:53,2015-06-01 15:40:44,48129.0,1,398
1433223159,784669,view,181743,2015-06-02 05:32:39,2015-06-02 05:02:53,1786.0,0,398
1433172940,785611,view,64751,2015-06-01 15:35:40,2015-06-02 05:32:39,50219.0,1,399
1433218654,788592,view,91755,2015-06-02 04:17:34,2015-06-01 15:35:40,45714.0,1,400
1433222946,789114,view,412312,2015-06-02 05:29:06,2015-06-02 04:17:34,4292.0,1,401
1433192218,789827,view,102229,2015-06-01 20:56:58,2015-06-02 05:29:06,30728.000000000004,1,402
1433218787,791370,view,302946,2015-06-02 04:19:47,2015-06-01 20:56:58,26569.0,1,403
1433221087,794013,view,51354,2015-06-02 04:58:07,2015-06-02 04:19:47,2300.0,1,404
1433223291,794181,view,439202,2015-06-02 05:34:51,2015-06-02 04:58:07,2204.0,1,405
1433217112,796623,view,227628,2015-06-02 03:51:52,2015-06-02 05:34:51,6179.0,1,406
1433217242,796623,view,227628,2015-06-02 03:54:02,2015-06-02 03:51:52,130.0,0,406
1433176131,800216,view,87824,2015-06-01 16:28:51,2015-06-02 03:54:02,41111.0,1,407
1433223067,800456,view,31514,2015-06-02 05:31:07,2015-06-01 16:28:51,46936.0,1,408
1433223651,800456,view,394254,2015-06-02 05:40:51,2015-06-02 05:31:07,584.0,0,408
1433194833,800587,view,29100,2015-06-01 21:40:33,2015-06-02 05:40:51,28818.0,1,409
1433182899,801815,view,365425,2015-06-01 18:21:39,2015-06-01 21:40:33,11934.0,1,410
1433193860,804607,view,459761,2015-06-01 21:24:20,2015-06-01 21:41:30,1030.0,0,411
1433194890,803159,view,197245,2015-06-01 21:41:30,2015-06-01 18:21:39,11991.0,1,411
1433219666,807025,view,437302,2015-06-02 04:34:26,2015-06-01 21:24:20,25806.0,1,412
1433223131,808133,view,128499,2015-06-02 05:32:11,2015-06-02 04:34:26,3465.0,1,413
1433191713,808813,view,67486,2015-06-01 20:48:33,2015-06-02 05:32:11,31418.000000000004,1,414
1433176429,809753,view,329693,2015-06-01 16:33:49,2015-06-01 20:48:33,15284.000000000002,1,415
1433176499,809753,view,153280,2015-06-01 16:34:59,2015-06-01 16:33:49,70.0,0,415
1433176609,809753,view,153280,2015-06-01 16:36:49,2015-06-01 16:34:59,110.0,0,415
1433221923,810725,view,443030,2015-06-02 05:12:03,2015-06-01 16:36:49,45314.0,1,416
1433193848,812748,view,14671,2015-06-01 21:24:08,2015-06-02 05:12:03,28075.0,1,417
1433193873,812748,view,431148,2015-06-01 21:24:33,2015-06-01 21:24:08,25.0,0,417
1433172818,813915,view,78060,2015-06-01 15:33:38,2015-06-01 21:24:33,21055.0,1,418
1433182890,815279,view,12489,2015-06-01 18:21:30,2015-06-01 15:33:38,10072.0,1,419
1433174837,820159,view,80502,2015-06-01 16:07:17,2015-06-01 18:21:30,8053.000000000001,1,420
1433176027,820159,view,399053,2015-06-01 16:27:07,2015-06-01 16:07:17,1190.0,0,420
1433193535,820159,view,369447,2015-06-01 21:18:55,2015-06-01 16:27:07,17508.0,1,421
1433193634,820159,view,268881,2015-06-01 21:20:34,2015-06-01 21:18:55,99.0,0,421
1433193703,820159,view,261793,2015-06-01 21:21:43,2015-06-01 21:20:34,69.0,0,421
1433193992,820159,view,281211,2015-06-01 21:26:32,2015-06-01 21:21:43,289.0,0,421
1433220242,821184,view,399728,2015-06-02 04:44:02,2015-06-01 21:26:32,26250.0,1,422
1433193080,824778,view,285173,2015-06-01 21:11:20,2015-06-02 04:44:02,27162.0,1,423
1433220855,824915,view,292760,2015-06-02 04:54:15,2015-06-01 21:11:20,27775.0,1,424
1433220899,824915,view,428805,2015-06-02 04:54:59,2015-06-02 04:54:15,44.0,0,424
1433220908,824915,view,25427,2015-06-02 04:55:08,2015-06-02 04:54:59,9.0,0,424
1433182912,826578,view,96776,2015-06-01 18:21:52,2015-06-02 04:55:08,37996.0,1,425
1433191842,832459,view,458265,2015-06-01 20:50:42,2015-06-01 18:21:52,8930.0,1,426
1433191948,832459,view,281657,2015-06-01 20:52:28,2015-06-01 20:50:42,106.0,0,426
1433218734,833956,view,235224,2015-06-02 04:18:54,2015-06-01 20:52:28,26786.0,1,427
1433174413,834101,view,429963,2015-06-01 16:00:13,2015-06-02 04:18:54,44321.0,1,428
1433218876,834802,view,115525,2015-06-02 04:21:16,2015-06-01 16:00:13,44463.0,1,429
1433219499,835743,view,67438,2015-06-02 04:31:39,2015-06-02 04:21:16,623.0,0,429
1433175224,835907,view,50467,2015-06-01 16:13:44,2015-06-02 04:31:39,44275.0,1,430
1433176016,835907,view,68892,2015-06-01 16:26:56,2015-06-01 16:13:44,792.0,0,430
1433219611,841219,view,80700,2015-06-02 04:33:31,2015-06-01 16:26:56,43595.0,1,431
1433219747,841219,view,72011,2015-06-02 04:35:47,2015-06-02 04:33:31,136.0,0,431
1433221380,849453,view,123990,2015-06-02 05:03:00,2015-06-02 04:35:47,1633.0,0,431
1433221526,849453,view,423120,2015-06-02 05:05:26,2015-06-02 05:03:00,146.0,0,431
1433191584,850173,view,243470,2015-06-01 20:46:24,2015-06-02 05:05:26,29942.000000000004,1,432
1433191826,850173,view,85940,2015-06-01 20:50:26,2015-06-01 20:46:24,242.00000000000003,0,432
1433224145,854656,view,87947,2015-06-02 05:49:05,2015-06-01 20:50:26,32319.000000000004,1,433
1433193003,855825,view,460643,2015-06-01 21:10:03,2015-06-02 05:49:05,31142.000000000004,1,434
1433193272,859718,view,379264,2015-06-01 21:14:32,2015-06-01 21:10:03,269.0,0,434
1433223447,860082,view,415437,2015-06-02 05:37:27,2015-06-01 21:14:32,30175.000000000004,1,435
1433223471,860082,view,22926,2015-06-02 05:37:51,2015-06-02 05:37:27,24.0,0,435
1433173107,860226,view,431621,2015-06-01 15:38:27,2015-06-02 05:37:51,50364.0,1,436
1433193312,861030,view,59866,2015-06-01 21:15:12,2015-06-01 15:38:27,20205.0,1,437
1433220479,868445,view,156108,2015-06-02 04:47:59,2015-06-02 05:01:15,796.0,0,438
1433221275,864246,view,36642,2015-06-02 05:01:15,2015-06-01 21:15:12,27963.0,1,438
1433217830,868786,view,325353,2015-06-02 04:03:50,2015-06-02 04:47:59,2649.0,1,439
1433221846,870742,view,234255,2015-06-02 05:10:46,2015-06-02 04:03:50,4016.0000000000005,1,440
1433221974,870742,view,456005,2015-06-02 05:12:54,2015-06-02 05:10:46,128.0,0,440
1433216558,874763,view,200537,2015-06-02 03:42:38,2015-06-02 05:12:54,5416.0,1,441
1433216632,874763,view,268081,2015-06-02 03:43:52,2015-06-02 03:42:38,74.0,0,441
1433216706,874763,view,229257,2015-06-02 03:45:06,2015-06-02 03:43:52,74.0,0,441
1433219703,875630,view,186352,2015-06-02 04:35:03,2015-06-02 03:45:06,2997.0,1,442
1433175469,878815,view,355994,2015-06-01 16:17:49,2015-06-02 04:35:03,44234.0,1,443
1433175484,878815,view,355994,2015-06-01 16:18:04,2015-06-01 16:17:49,15.000000000000002,0,443
1433218183,879797,view,427923,2015-06-02 04:09:43,2015-06-01 16:18:04,42699.0,1,444
1433192361,880180,view,58729,2015-06-01 20:59:21,2015-06-02 04:09:43,25822.0,1,445
1433221468,881338,view,24431,2015-06-02 05:04:28,2015-06-01 20:59:21,29107.0,1,446
1433194745,883403,view,199810,2015-06-01 21:39:05,2015-06-02 05:04:28,26723.0,1,447
1433175757,886287,view,91452,2015-06-01 16:22:37,2015-06-01 21:39:05,18988.0,1,448
1433191677,889022,view,395153,2015-06-01 20:47:57,2015-06-01 21:01:59,842.0,0,449
1433192519,886864,view,76196,2015-06-01 21:01:59,2015-06-01 16:22:37,16762.0,1,449
1433172337,891718,view,56710,2015-06-01 15:25:37,2015-06-01 15:34:16,519.0,0,450
1433172856,889657,view,15327,2015-06-01 15:34:16,2015-06-01 20:47:57,18821.0,1,450
1433217445,901046,view,197968,2015-06-02 03:57:25,2015-06-01 15:25:37,45108.0,1,451
1433174658,901082,view,338130,2015-06-01 16:04:18,2015-06-02 03:57:25,42787.0,1,452
1433222949,901571,view,458588,2015-06-02 05:29:09,2015-06-01 16:04:18,48291.0,1,453
1433218203,907809,view,57284,2015-06-02 04:10:03,2015-06-02 05:29:09,4746.0,1,454
1433173189,910665,view,161951,2015-06-01 15:39:49,2015-06-02 04:10:03,45014.0,1,455
1433221108,911380,view,28540,2015-06-02 04:58:28,2015-06-01 15:39:49,47919.0,1,456
1433175912,912233,view,378673,2015-06-01 16:25:12,2015-06-02 04:58:28,45196.0,1,457
1433217273,914970,view,326449,2015-06-02 03:54:33,2015-06-01 16:25:12,41361.0,1,458
1433219633,915735,view,162932,2015-06-02 04:33:53,2015-06-02 03:54:33,2360.0,1,459
1433220180,922016,view,326799,2015-06-02 04:43:00,2015-06-02 04:33:53,547.0,0,459
1433193809,924087,view,412404,2015-06-01 21:23:29,2015-06-01 21:27:06,217.0,0,460
1433194026,923376,view,385769,2015-06-01 21:27:06,2015-06-02 04:43:00,26154.0,1,460
1433174103,924226,view,325978,2015-06-01 15:55:03,2015-06-01 21:23:29,19706.0,1,461
1433218388,926210,view,290839,2015-06-02 04:13:08,2015-06-01 15:55:03,44285.0,1,462
1433193595,927479,view,201940,2015-06-01 21:19:55,2015-06-02 04:13:08,24793.0,1,463
1433221701,929206,view,410676,2015-06-02 05:08:21,2015-06-01 21:19:55,28106.0,1,464
1433222824,930371,view,160161,2015-06-02 05:27:04,2015-06-02 05:08:21,1123.0,0,464
1433217162,932927,view,273743,2015-06-02 03:52:42,2015-06-02 05:27:04,5662.0,1,465
1433218213,936361,view,315545,2015-06-02 04:10:13,2015-06-02 03:52:42,1051.0,0,465
1433218231,936361,view,246634,2015-06-02 04:10:31,2015-06-02 04:10:13,18.0,0,465
1433175347,936437,view,144675,2015-06-01 16:15:47,2015-06-02 04:10:31,42884.0,1,466
1433194408,937632,view,260581,2015-06-01 21:33:28,2015-06-01 16:15:47,19061.0,1,467
1433176781,938537,view,257773,2015-06-01 16:39:41,2015-06-01 21:33:28,17627.0,1,468
1433194578,939182,view,140861,2015-06-01 21:36:18,2015-06-01 16:39:41,17797.0,1,469
1433194607,939182,view,48743,2015-06-01 21:36:47,2015-06-01 21:36:18,29.000000000000004,0,469
1433192425,940454,view,383336,2015-06-01 21:00:25,2015-06-01 21:36:47,2182.0,1,470
1433173395,943524,view,392074,2015-06-01 15:43:15,2015-06-01 21:00:25,19030.0,1,471
1433192282,945697,view,96924,2015-06-01 20:58:02,2015-06-01 21:02:50,288.0,0,472
1433192570,944943,view,426007,2015-06-01 21:02:50,2015-06-01 15:43:15,19175.0,1,472
1433174926,945706,view,121318,2015-06-01 16:08:46,2015-06-01 20:58:02,17356.0,1,473
1433193477,948586,view,164109,2015-06-01 21:17:57,2015-06-01 16:08:46,18551.0,1,474
1433193614,948586,view,402236,2015-06-01 21:20:14,2015-06-01 21:17:57,137.0,0,474
1433194631,949171,view,76617,2015-06-01 21:37:11,2015-06-01 21:20:14,1017.0000000000001,0,474
1433194824,949171,view,150217,2015-06-01 21:40:24,2015-06-01 21:37:11,193.0,0,474
1433224733,949379,view,310791,2015-06-02 05:58:53,2015-06-01 21:40:24,29909.000000000004,1,475
1433192901,950703,view,198620,2015-06-01 21:08:21,2015-06-02 05:58:53,31832.000000000004,1,476
1433221337,951259,view,367447,2015-06-02 05:02:17,2015-06-01 21:08:21,28436.0,1,477
1433192584,951557,view,138439,2015-06-01 21:03:04,2015-06-02 05:02:17,28753.0,1,478
1433221525,952604,view,466861,2015-06-02 05:05:25,2015-06-01 21:03:04,28941.0,1,479
1433173460,954429,view,170751,2015-06-01 15:44:20,2015-06-02 05:05:25,48065.0,1,480
1433217436,960480,view,393134,2015-06-02 03:57:16,2015-06-01 15:44:20,43976.0,1,481
1433217864,960480,view,165348,2015-06-02 04:04:24,2015-06-02 03:57:16,428.0,0,481
1433172754,965394,view,454672,2015-06-01 15:32:34,2015-06-02 04:04:24,45110.0,1,482
1433193994,968797,view,407343,2015-06-01 21:26:34,2015-06-01 15:32:34,21240.0,1,483
1433174745,969254,view,59691,2015-06-01 16:05:45,2015-06-01 21:26:34,19249.0,1,484
1433223776,969887,view,159780,2015-06-02 05:42:56,2015-06-01 16:05:45,49031.0,1,485
1433224498,970474,view,324543,2015-06-02 05:54:58,2015-06-02 05:42:56,722.0,0,485
1433191544,971845,view,251813,2015-06-01 20:45:44,2015-06-02 05:54:58,32954.0,1,486
1433224086,972639,view,22556,2015-06-02 05:48:06,2015-06-01 20:45:44,32542.000000000004,1,487
1433182591,973299,view,277264,2015-06-01 18:16:31,2015-06-02 05:48:06,41495.0,1,488
1433222365,975530,view,55555,2015-06-02 05:19:25,2015-06-01 18:16:31,39774.0,1,489
1433219778,976562,view,44220,2015-06-02 04:36:18,2015-06-02 05:19:25,2587.0,1,490
1433172967,977087,view,373384,2015-06-01 15:36:07,2015-06-02 04:36:18,46811.0,1,491
1433191689,980257,view,337431,2015-06-01 20:48:09,2015-06-01 15:36:07,18722.0,1,492
1433173861,983661,view,394522,2015-06-01 15:51:01,2015-06-01 20:48:09,17828.0,1,493
1433174190,983661,view,394522,2015-06-01 15:56:30,2015-06-01 15:51:01,329.0,0,493
1433193799,986452,view,429607,2015-06-01 21:23:19,2015-06-01 21:24:44,85.0,0,494
1433193884,983709,view,198209,2015-06-01 21:24:44,2015-06-01 15:56:30,19694.0,1,494
1433219169,991242,view,318871,2015-06-02 04:26:09,2015-06-02 04:54:20,1691.0,0,495
1433219699,987208,view,356837,2015-06-02 04:34:59,2015-06-01 21:23:19,25900.0,1,495
1433220860,989491,view,389118,2015-06-02 04:54:20,2015-06-02 04:34:59,1161.0,0,495
1433191734,991664,view,62312,2015-06-01 20:48:54,2015-06-02 04:26:09,27435.0,1,496
1433219032,992115,view,182099,2015-06-02 04:23:52,2015-06-01 20:48:54,27298.0,1,497
1433220763,992115,view,182099,2015-06-02 04:52:43,2015-06-02 04:23:52,1731.0,0,497
1433218608,992272,view,50814,2015-06-02 04:16:48,2015-06-02 04:52:43,2155.0,1,498
1433223866,993954,view,227935,2015-06-02 05:44:26,2015-06-02 05:50:14,348.0,0,499
1433224214,992329,view,248676,2015-06-02 05:50:14,2015-06-02 04:16:48,5606.0,1,499
1433220834,994896,view,10572,2015-06-02 04:53:54,2015-06-02 05:44:26,3032.0,1,500
1433172646,995602,view,259455,2015-06-01 15:30:46,2015-06-02 04:53:54,48188.0,1,501
1433176585,995781,view,415437,2015-06-01 16:36:25,2015-06-01 15:30:46,3939.0000000000005,1,502
1433217842,997107,view,253353,2015-06-02 04:04:02,2015-06-02 04:08:44,282.0,0,503
1433218124,995986,view,94099,2015-06-02 04:08:44,2015-06-01 16:36:25,41539.0,1,503
1433194473,998406,view,33638,2015-06-01 21:34:33,2015-06-02 04:04:02,23369.0,1,504
1433192506,1004326,view,432925,2015-06-01 21:01:46,2015-06-01 21:34:33,1967.0000000000002,1,505
1433220524,1008863,view,459186,2015-06-02 04:48:44,2015-06-02 05:00:29,705.0,0,506
1433221229,1004326,view,432925,2015-06-02 05:00:29,2015-06-01 21:01:46,28723.0,1,506
1433173136,1014645,view,112568,2015-06-01 15:38:56,2015-06-02 04:48:44,47388.0,1,507
1433193089,1016655,view,122873,2015-06-01 21:11:29,2015-06-01 21:38:00,1591.0,0,508
1433193100,1017556,view,84160,2015-06-01 21:11:40,2015-06-01 21:11:29,11.0,0,508
1433194680,1015518,view,24291,2015-06-01 21:38:00,2015-06-01 15:38:56,21544.0,1,508
1433172666,1022530,view,59192,2015-06-01 15:31:06,2015-06-01 21:11:40,20434.0,1,509
1433217325,1025745,view,464731,2015-06-02 03:55:25,2015-06-01 15:31:06,44659.0,1,510
1433220116,1026160,view,197005,2015-06-02 04:41:56,2015-06-02 03:55:25,2791.0,1,511
1433224416,1028478,view,438681,2015-06-02 05:53:36,2015-06-02 04:41:56,4300.0,1,512
1433217173,1030058,view,183178,2015-06-02 03:52:53,2015-06-02 05:53:36,7243.0,1,513
1433173018,1036871,view,187354,2015-06-01 15:36:58,2015-06-01 16:05:25,1707.0,0,514
1433174725,1033786,view,209619,2015-06-01 16:05:25,2015-06-02 03:52:53,42448.0,1,514
1433175182,1037305,view,22471,2015-06-01 16:13:02,2015-06-01 15:36:58,2164.0,1,515
1433218848,1038306,view,49810,2015-06-02 04:20:48,2015-06-01 16:13:02,43666.0,1,516
1433219270,1039327,view,105878,2015-06-02 04:27:50,2015-06-02 04:20:48,422.0,0,516
1433219992,1040932,view,212956,2015-06-02 04:39:52,2015-06-02 04:27:50,722.0,0,516
1433218154,1041483,view,89977,2015-06-02 04:09:14,2015-06-02 04:39:52,1838.0000000000002,1,517
1433174060,1041499,view,368503,2015-06-01 15:54:20,2015-06-02 04:09:14,44094.0,1,518
1433216908,1042749,view,172967,2015-06-02 03:48:28,2015-06-01 15:54:20,42848.0,1,519
1433217752,1042749,view,172967,2015-06-02 04:02:32,2015-06-02 03:48:28,844.0,0,519
1433192259,1044315,view,325262,2015-06-01 20:57:39,2015-06-02 04:02:32,25493.0,1,520
1433219595,1044444,view,351825,2015-06-02 04:33:15,2015-06-01 20:57:39,27336.0,1,521
1433222980,1045633,view,372688,2015-06-02 05:29:40,2015-06-02 05:44:26,886.0,0,522
1433223866,1045426,view,69533,2015-06-02 05:44:26,2015-06-02 05:55:23,657.0,0,522
1433224523,1044534,view,272187,2015-06-02 05:55:23,2015-06-02 04:33:15,4928.0,1,522
1433194159,1046017,view,444848,2015-06-01 21:29:19,2015-06-02 05:29:40,28821.0,1,523
1433220615,1046034,view,379002,2015-06-02 04:50:15,2015-06-01 21:29:19,26456.0,1,524
1433192495,1047271,view,105334,2015-06-01 21:01:35,2015-06-01 21:24:47,1392.0,0,525
1433193887,1046168,view,86238,2015-06-01 21:24:47,2015-06-02 04:50:15,26728.0,1,525
1433175161,1053369,view,138273,2015-06-01 16:12:41,2015-06-01 16:16:11,210.0,0,526
1433175182,1053369,view,138273,2015-06-01 16:13:02,2015-06-01 16:12:41,21.0,0,526
1433175371,1052536,view,428372,2015-06-01 16:16:11,2015-06-01 21:01:35,17124.0,1,526
1433193162,1055125,view,263153,2015-06-01 21:12:42,2015-06-01 21:23:20,638.0,0,527
1433193323,1055632,view,316753,2015-06-01 21:15:23,2015-06-01 21:12:42,161.0,0,527
1433193800,1054451,view,276105,2015-06-01 21:23:20,2015-06-01 16:13:02,18618.0,1,527
1433174467,1056912,view,110515,2015-06-01 16:01:07,2015-06-01 21:15:23,18856.0,1,528
1433192693,1057088,view,334432,2015-06-01 21:04:53,2015-06-01 16:01:07,18226.0,1,529
1433192747,1057088,view,147551,2015-06-01 21:05:47,2015-06-01 21:04:53,54.0,0,529
1433192750,1057088,view,334432,2015-06-01 21:05:50,2015-06-01 21:05:47,3.0,0,529
1433218767,1058384,view,257040,2015-06-02 04:19:27,2015-06-01 21:05:50,26017.0,1,530
1433222424,1059530,view,302509,2015-06-02 05:20:24,2015-06-02 04:19:27,3657.0000000000005,1,531
1433222438,1061147,view,280893,2015-06-02 05:20:38,2015-06-02 05:20:24,14.0,0,531
1433194351,1065157,view,197980,2015-06-01 21:32:31,2015-06-02 05:20:38,28087.0,1,532
1433176380,1071395,view,368231,2015-06-01 16:33:00,2015-06-01 21:32:31,17971.0,1,533
1433172757,1072485,view,38403,2015-06-01 15:32:37,2015-06-01 15:35:46,189.0,0,534
1433172946,1071808,view,426550,2015-06-01 15:35:46,2015-06-01 16:33:00,3434.0,1,534
1433194239,1075043,view,178496,2015-06-01 21:30:39,2015-06-01 15:32:37,21482.0,1,535
1433221123,1076270,view,269430,2015-06-02 04:58:43,2015-06-01 21:30:39,26884.0,1,536
1433222147,1076270,view,262799,2015-06-02 05:15:47,2015-06-02 04:58:43,1024.0,0,536
1433223360,1078178,view,323147,2015-06-02 05:36:00,2015-06-02 05:15:47,1213.0,0,536
1433173158,1079704,view,237318,2015-06-01 15:39:18,2015-06-02 05:36:00,50202.0,1,537
1433176296,1080654,view,215413,2015-06-01 16:31:36,2015-06-01 15:39:18,3138.0,1,538
1433176587,1080654,view,300629,2015-06-01 16:36:27,2015-06-01 16:31:36,291.0,0,538
1433216775,1081632,view,87575,2015-06-02 03:46:15,2015-06-01 16:36:27,40188.0,1,539
1433192267,1081792,view,135251,2015-06-01 20:57:47,2015-06-02 03:46:15,24508.0,1,540
1433182903,1083852,view,82174,2015-06-01 18:21:43,2015-06-01 20:57:47,9364.0,1,541
1433175625,1085369,view,267196,2015-06-01 16:20:25,2015-06-01 18:21:43,7278.0,1,542
1433217585,1092695,addtocart,38796,2015-06-02 03:59:45,2015-06-02 04:18:00,1095.0,0,543
1433218238,1087049,view,30024,2015-06-02 04:10:38,2015-06-01 16:20:25,42613.0,1,543
1433218353,1092695,addtocart,383488,2015-06-02 04:12:33,2015-06-02 03:59:45,768.0,0,543
1433218680,1088319,view,93144,2015-06-02 04:18:00,2015-06-02 04:10:38,442.0,0,543
1433174827,1093035,view,287356,2015-06-01 16:07:07,2015-06-02 04:12:33,43526.0,1,544
1433195003,1093035,view,444979,2015-06-01 21:43:23,2015-06-01 16:07:07,20176.0,1,545
1433173352,1094964,view,6992,2015-06-01 15:42:32,2015-06-01 21:43:23,21651.0,1,546
1433222103,1096028,view,337686,2015-06-02 05:15:03,2015-06-01 15:42:32,48751.0,1,547
1433172356,1098018,view,456889,2015-06-01 15:25:56,2015-06-02 05:15:03,49747.0,1,548
1433173012,1098018,view,86497,2015-06-01 15:36:52,2015-06-01 15:25:56,656.0,0,548
1433193087,1099154,view,50467,2015-06-01 21:11:27,2015-06-01 15:36:52,20075.0,1,549
1433221038,1100013,view,40596,2015-06-02 04:57:18,2015-06-01 21:11:27,27951.0,1,550
1433193131,1102723,view,280375,2015-06-01 21:12:11,2015-06-01 21:23:05,654.0,0,551
1433193785,1102703,view,103405,2015-06-01 21:23:05,2015-06-02 04:57:18,27253.0,1,551
1433173301,1103102,view,413990,2015-06-01 15:41:41,2015-06-01 21:12:11,19830.0,1,552
1433173539,1103186,view,257952,2015-06-01 15:45:39,2015-06-01 15:41:41,238.00000000000003,0,552
1433193870,1104441,view,55799,2015-06-01 21:24:30,2015-06-01 15:45:39,20331.0,1,553
1433222719,1107507,view,444338,2015-06-02 05:25:19,2015-06-01 21:24:30,28849.0,1,554
1433224754,1109336,view,431148,2015-06-02 05:59:14,2015-06-02 05:25:19,2035.0000000000002,1,555
1433175120,1109399,view,387691,2015-06-01 16:12:00,2015-06-02 05:59:14,49634.0,1,556
1433172316,1113387,view,266900,2015-06-01 15:25:16,2015-06-01 16:12:00,2804.0,1,557
1433192981,1113676,view,350629,2015-06-01 21:09:41,2015-06-01 15:25:16,20665.0,1,558
1433175320,1117221,view,320770,2015-06-01 16:15:20,2015-06-01 21:09:41,17661.0,1,559
1433221523,1118731,view,350689,2015-06-02 05:05:23,2015-06-01 16:15:20,46203.0,1,560
1433218103,1120751,view,375588,2015-06-02 04:08:23,2015-06-02 04:18:58,635.0,0,561
1433218109,1121229,view,370889,2015-06-02 04:08:29,2015-06-02 04:08:23,6.0,0,561
1433218738,1120239,view,379752,2015-06-02 04:18:58,2015-06-02 05:05:23,2785.0,1,561
1433193529,1123910,view,189429,2015-06-01 21:18:49,2015-06-02 04:08:29,24580.0,1,562
1433221512,1124962,view,213464,2015-06-02 05:05:12,2015-06-01 21:18:49,27983.0,1,563
1433222143,1130165,view,45337,2015-06-02 05:15:43,2015-06-02 05:05:12,631.0,0,563
1433173248,1130627,view,27494,2015-06-01 15:40:48,2015-06-02 05:15:43,48895.0,1,564
1433173273,1130627,view,27494,2015-06-01 15:41:13,2015-06-01 15:40:48,25.0,0,564
1433218072,1132688,view,440128,2015-06-02 04:07:52,2015-06-01 15:41:13,44799.0,1,565
1433193132,1134473,view,396045,2015-06-01 21:12:12,2015-06-02 04:07:52,24940.0,1,566
1433176039,1134896,view,87824,2015-06-01 16:27:19,2015-06-01 21:12:12,17093.0,1,567
1433193724,1136722,view,298056,2015-06-01 21:22:04,2015-06-01 16:27:19,17685.0,1,568
1433224370,1137444,view,308053,2015-06-02 05:52:50,2015-06-01 21:22:04,30646.000000000004,1,569
1433218210,1137999,view,156094,2015-06-02 04:10:10,2015-06-02 05:52:50,6160.0,1,570
1433194033,1139541,view,364043,2015-06-01 21:27:13,2015-06-02 04:10:10,24177.0,1,571
1433217365,1140937,view,160259,2015-06-02 03:56:05,2015-06-01 21:27:13,23332.0,1,572
1433220741,1141279,view,442837,2015-06-02 04:52:21,2015-06-02 03:56:05,3376.0,1,573
1433220813,1141279,view,133415,2015-06-02 04:53:33,2015-06-02 04:52:21,72.0,0,573
1433192974,1141573,view,203877,2015-06-01 21:09:34,2015-06-02 04:53:33,27839.0,1,574
1433192997,1143402,view,272446,2015-06-01 21:09:57,2015-06-01 21:23:09,792.0,0,574
1433193428,1141573,view,395596,2015-06-01 21:17:08,2015-06-01 21:09:34,454.0,0,574
1433193789,1141573,view,233263,2015-06-01 21:23:09,2015-06-01 21:17:08,361.0,0,574
1433222561,1143908,view,417464,2015-06-02 05:22:41,2015-06-01 21:09:57,29564.000000000004,1,575
1433194094,1149807,view,141703,2015-06-01 21:28:14,2015-06-02 05:22:41,28467.0,1,576
1433224050,1151716,view,427725,2015-06-02 05:47:30,2015-06-01 21:28:14,29956.000000000004,1,577
1433221377,1153198,view,388242,2015-06-02 05:02:57,2015-06-02 05:47:30,2673.0,1,578
1433221422,1153198,view,357579,2015-06-02 05:03:42,2015-06-02 05:02:57,45.0,0,578
1433221585,1153198,view,388242,2015-06-02 05:06:25,2015-06-02 05:03:42,163.0,0,578
1433216792,1154250,view,367790,2015-06-02 03:46:32,2015-06-02 05:06:25,4793.0,1,579
1433217981,1154250,view,367790,2015-06-02 04:06:21,2015-06-02 03:46:32,1189.0,0,579
1433218918,1154250,view,362851,2015-06-02 04:21:58,2015-06-02 04:06:21,937.0000000000001,0,579
1433218958,1154250,view,116794,2015-06-02 04:22:38,2015-06-02 04:21:58,40.0,0,579
1433193654,1159635,view,168527,2015-06-01 21:20:54,2015-06-02 04:22:38,25304.0,1,580
1433175905,1161163,view,383396,2015-06-01 16:25:05,2015-06-01 21:20:54,17749.0,1,581
1433176388,1161163,view,181527,2015-06-01 16:33:08,2015-06-01 16:25:05,483.00000000000006,0,581
1433174188,1162854,addtocart,13031,2015-06-01 15:56:28,2015-06-01 16:33:08,2200.0,1,582
1433194100,1163398,view,462203,2015-06-01 21:28:20,2015-06-01 15:56:28,19912.0,1,583
1433174966,1164301,view,93900,2015-06-01 16:09:26,2015-06-01 21:28:20,19134.0,1,584
1433172520,1172198,view,414460,2015-06-01 15:28:40,2015-06-01 16:09:26,2446.0,1,585
1433193860,1173577,view,106874,2015-06-01 21:24:20,2015-06-01 15:28:40,21340.0,1,586
1433218799,1179330,view,319506,2015-06-02 04:19:59,2015-06-01 21:24:20,24939.0,1,587
1433223855,1179587,view,367797,2015-06-02 05:44:15,2015-06-02 04:19:59,5056.0,1,588
1433173029,1181810,view,444365,2015-06-01 15:37:09,2015-06-02 05:44:15,50826.0,1,589
1433194177,1185234,view,154912,2015-06-01 21:29:37,2015-06-01 15:37:09,21148.0,1,590
1433194502,1185234,view,62746,2015-06-01 21:35:02,2015-06-01 21:29:37,325.0,0,590
1433220152,1187942,view,161026,2015-06-02 04:42:32,2015-06-01 21:35:02,25650.0,1,591
1433194481,1188336,view,216095,2015-06-01 21:34:41,2015-06-02 04:42:32,25671.0,1,592
1433173188,1191882,view,154703,2015-06-01 15:39:48,2015-06-01 21:34:41,21293.0,1,593
1433176308,1192199,view,461765,2015-06-01 16:31:48,2015-06-01 15:39:48,3120.0,1,594
1433223543,1193904,addtocart,255275,2015-06-02 05:39:03,2015-06-01 16:31:48,47235.0,1,595
1433218741,1194444,view,231243,2015-06-02 04:19:01,2015-06-02 05:39:03,4802.0,1,596
1433173328,1194501,view,165084,2015-06-01 15:42:08,2015-06-02 04:19:01,45413.0,1,597
1433192311,1195252,view,358130,2015-06-01 20:58:31,2015-06-01 15:42:08,18983.0,1,598
1433194511,1202062,view,59776,2015-06-01 21:35:11,2015-06-01 20:58:31,2200.0,1,599
1433217766,1203684,view,53779,2015-06-02 04:02:46,2015-06-01 21:35:11,23255.0,1,600
1433217863,1203684,view,80953,2015-06-02 04:04:23,2015-06-02 04:02:46,97.0,0,600
1433217911,1203684,addtocart,80953,2015-06-02 04:05:11,2015-06-02 04:04:23,48.0,0,600
1433218344,1203692,view,220530,2015-06-02 04:12:24,2015-06-02 04:05:11,433.0,0,600
1433174837,1204552,view,179038,2015-06-01 16:07:17,2015-06-02 04:12:24,43507.0,1,601
1433216876,1205474,view,123986,2015-06-02 03:47:56,2015-06-01 16:07:17,42039.0,1,602
1433194288,1207572,view,19003,2015-06-01 21:31:28,2015-06-02 03:47:56,22588.0,1,603
1433172951,1208175,view,117564,2015-06-01 15:35:51,2015-06-01 21:31:28,21337.0,1,604
1433176502,1208311,view,375239,2015-06-01 16:35:02,2015-06-01 15:35:51,3551.0,1,605
1433192260,1209307,view,123882,2015-06-01 20:57:40,2015-06-01 16:35:02,15758.000000000002,1,606
1433182923,1210904,view,381265,2015-06-01 18:22:03,2015-06-01 20:57:40,9337.0,1,607
1433194053,1211545,view,107853,2015-06-01 21:27:33,2015-06-01 18:22:03,11130.0,1,608
1433221274,1213673,view,343861,2015-06-02 05:01:14,2015-06-01 21:27:33,27221.0,1,609
1433173465,1215130,view,235224,2015-06-01 15:44:25,2015-06-02 05:01:14,47809.0,1,610
1433174761,1215488,view,389545,2015-06-01 16:06:01,2015-06-01 15:44:25,1296.0,0,610
1433175186,1215544,view,182746,2015-06-01 16:13:06,2015-06-01 16:06:01,425.0,0,610
1433220897,1217827,view,203231,2015-06-02 04:54:57,2015-06-01 16:13:06,45711.0,1,611
1433218375,1218306,view,171959,2015-06-02 04:12:55,2015-06-02 04:54:57,2522.0,1,612
1433220046,1218450,view,424976,2015-06-02 04:40:46,2015-06-02 04:12:55,1671.0,0,612
1433221411,1219180,view,422768,2015-06-02 05:03:31,2015-06-02 04:40:46,1365.0,0,612
1433222031,1219627,view,292444,2015-06-02 05:13:51,2015-06-02 05:03:31,620.0,0,612
1433173364,1221409,view,56763,2015-06-01 15:42:44,2015-06-02 05:13:51,48667.0,1,613
1433174075,1221409,view,408404,2015-06-01 15:54:35,2015-06-01 15:42:44,711.0,0,613
1433194822,1222188,view,403716,2015-06-01 21:40:22,2015-06-01 15:54:35,20747.0,1,614
1433172891,1223889,view,367490,2015-06-01 15:34:51,2015-06-01 21:40:22,21931.0,1,615
1433172927,1223889,view,243355,2015-06-01 15:35:27,2015-06-01 15:34:51,36.0,0,615
1433222181,1229852,view,389644,2015-06-02 05:16:21,2015-06-01 15:35:27,49254.0,1,616
1433217410,1230877,view,60918,2015-06-02 03:56:50,2015-06-02 05:16:21,4771.0,1,617
1433172745,1235292,view,293735,2015-06-01 15:32:25,2015-06-02 03:56:50,44665.0,1,618
1433174265,1235292,view,240004,2015-06-01 15:57:45,2015-06-01 15:32:25,1520.0,0,618
1433176320,1235292,addtocart,240004,2015-06-01 16:32:00,2015-06-01 15:57:45,2055.0,1,619
1433218662,1238871,view,51561,2015-06-02 04:17:42,2015-06-01 16:32:00,42342.0,1,620
1433218761,1238871,view,51561,2015-06-02 04:19:21,2015-06-02 04:17:42,99.0,0,620
1433218832,1238871,view,51561,2015-06-02 04:20:32,2015-06-02 04:19:21,71.0,0,620
1433218888,1238871,view,51561,2015-06-02 04:21:28,2015-06-02 04:20:32,56.0,0,620
1433223376,1241483,view,298868,2015-06-02 05:36:16,2015-06-02 04:21:28,4488.0,1,621
1433173967,1242001,view,387279,2015-06-01 15:52:47,2015-06-02 05:36:16,49409.0,1,622
1433191739,1242160,view,267535,2015-06-01 20:48:59,2015-06-01 15:52:47,17772.0,1,623
1433192938,1242160,view,385376,2015-06-01 21:08:58,2015-06-01 20:48:59,1199.0,0,623
1433175474,1242777,view,430292,2015-06-01 16:17:54,2015-06-01 21:08:58,17464.0,1,624
1433192671,1246148,view,58194,2015-06-01 21:04:31,2015-06-01 16:17:54,17197.0,1,625
1433192733,1246148,view,58194,2015-06-01 21:05:33,2015-06-01 21:04:31,62.00000000000001,0,625
1433220227,1248118,view,459109,2015-06-02 04:43:47,2015-06-01 21:05:33,27494.0,1,626
1433221686,1249248,view,422425,2015-06-02 05:08:06,2015-06-02 04:43:47,1459.0,0,626
1433221776,1254314,view,202373,2015-06-02 05:09:36,2015-06-02 05:08:06,90.0,0,626
1433191851,1256332,view,165035,2015-06-01 20:50:51,2015-06-02 05:09:36,29925.000000000004,1,627
1433176590,1256558,view,361103,2015-06-01 16:36:30,2015-06-01 20:50:51,15261.000000000002,1,628
1433223076,1262470,view,102986,2015-06-02 05:31:16,2015-06-01 16:36:30,46486.0,1,629
1433223952,1263264,view,46097,2015-06-02 05:45:52,2015-06-02 05:31:16,876.0,0,629
1433217181,1266913,view,380913,2015-06-02 03:53:01,2015-06-02 05:45:52,6771.0,1,630
1433172900,1267731,view,39490,2015-06-01 15:35:00,2015-06-02 03:53:01,44281.0,1,631
1433222942,1269628,view,137305,2015-06-02 05:29:02,2015-06-01 15:35:00,50042.0,1,632
1433173060,1269751,view,144076,2015-06-01 15:37:40,2015-06-02 05:29:02,49882.0,1,633
1433219492,1270927,view,278679,2015-06-02 04:31:32,2015-06-01 15:37:40,46432.0,1,634
1433192042,1273449,view,277613,2015-06-01 20:54:02,2015-06-02 04:31:32,27450.0,1,635
1433175145,1275438,view,234162,2015-06-01 16:12:25,2015-06-01 20:54:02,16897.0,1,636
1433194701,1282331,view,65188,2015-06-01 21:38:21,2015-06-01 16:12:25,19556.0,1,637
1433223146,1282360,view,106564,2015-06-02 05:32:26,2015-06-01 21:38:21,28445.0,1,638
1433173178,1285796,view,306344,2015-06-01 15:39:38,2015-06-01 16:09:02,1764.0,0,639
1433174942,1283529,view,207108,2015-06-01 16:09:02,2015-06-02 05:32:26,48204.0,1,639
1433194655,1291089,view,88318,2015-06-01 21:37:35,2015-06-01 15:39:38,21477.0,1,640
1433176076,1292420,addtocart,47352,2015-06-01 16:27:56,2015-06-01 21:37:35,18579.0,1,641
1433193796,1294366,view,204785,2015-06-01 21:23:16,2015-06-01 16:27:56,17720.0,1,642
1433193872,1294366,view,106279,2015-06-01 21:24:32,2015-06-01 21:23:16,76.0,0,642
1433174423,1296338,view,147825,2015-06-01 16:00:23,2015-06-01 21:24:32,19449.0,1,643
1433172385,1298909,view,347974,2015-06-01 15:26:25,2015-06-01 16:00:23,2038.0000000000002,1,644
1433217668,1299250,view,422948,2015-06-02 04:01:08,2015-06-01 15:26:25,45283.0,1,645
1433218011,1299250,view,422948,2015-06-02 04:06:51,2015-06-02 04:01:08,343.0,0,645
1433176054,1301339,view,209792,2015-06-01 16:27:34,2015-06-02 04:06:51,41957.0,1,646
1433222820,1304277,view,341548,2015-06-02 05:27:00,2015-06-01 16:27:34,46766.0,1,647
1433175617,1308748,view,122607,2015-06-01 16:20:17,2015-06-02 05:27:00,47203.0,1,648
1433173046,1308992,view,240421,2015-06-01 15:37:26,2015-06-01 16:20:17,2571.0,1,649
1433174533,1311137,view,49803,2015-06-01 16:02:13,2015-06-01 15:37:26,1487.0,0,649
1433192010,1312385,view,337358,2015-06-01 20:53:30,2015-06-01 16:02:13,17477.0,1,650
1433194599,1313440,view,347937,2015-06-01 21:36:39,2015-06-01 20:53:30,2589.0,1,651
1433194696,1314862,view,344224,2015-06-01 21:38:16,2015-06-01 21:36:39,97.0,0,651
1433221718,1316756,view,303619,2015-06-02 05:08:38,2015-06-01 21:38:16,27022.0,1,652
1433219161,1317096,view,152085,2015-06-02 04:26:01,2015-06-02 05:08:38,2557.0,1,653
1433193493,1317249,view,204070,2015-06-01 21:18:13,2015-06-02 04:26:01,25668.0,1,654
1433219310,1317267,view,439537,2015-06-02 04:28:30,2015-06-01 21:18:13,25817.0,1,655
1433192635,1318763,view,379744,2015-06-01 21:03:55,2015-06-01 21:17:43,828.0,0,656
1433193463,1317317,view,14159,2015-06-01 21:17:43,2015-06-02 04:28:30,25847.0,1,656
1433182553,1319300,view,63668,2015-06-01 18:15:53,2015-06-01 21:03:55,10082.0,1,657
1433176777,1321540,view,91249,2015-06-01 16:39:37,2015-06-01 18:15:53,5776.0,1,658
1433194504,1323080,view,71957,2015-06-01 21:35:04,2015-06-01 21:43:03,479.00000000000006,0,659
1433194914,1322055,view,308985,2015-06-01 21:41:54,2015-06-01 16:39:37,18137.0,1,659
1433194983,1322055,view,308985,2015-06-01 21:43:03,2015-06-01 21:41:54,69.0,0,659
1433192439,1323322,view,227470,2015-06-01 21:00:39,2015-06-01 21:35:04,2065.0,1,660
1433219005,1324075,view,367975,2015-06-02 04:23:25,2015-06-01 21:00:39,26566.0,1,661
1433176574,1324247,view,391131,2015-06-01 16:36:14,2015-06-02 04:23:25,42431.0,1,662
1433173503,1326818,view,409655,2015-06-01 15:45:03,2015-06-01 16:36:14,3071.0,1,663
1433176118,1327144,view,139593,2015-06-01 16:28:38,2015-06-01 15:45:03,2615.0,1,664
1433193979,1328894,view,43101,2015-06-01 21:26:19,2015-06-01 16:28:38,17861.0,1,665
1433219282,1331854,view,288171,2015-06-02 04:28:02,2015-06-01 21:26:19,25303.0,1,666
1433191958,1332255,view,94488,2015-06-01 20:52:38,2015-06-02 04:28:02,27324.0,1,667
1433182916,1337946,view,183087,2015-06-01 18:21:56,2015-06-01 20:52:38,9042.0,1,668
1433191788,1340085,view,159835,2015-06-01 20:49:48,2015-06-01 18:21:56,8872.0,1,669
1433221622,1342963,view,306886,2015-06-02 05:07:02,2015-06-02 05:23:15,973.0000000000001,0,670
1433222595,1341619,view,77884,2015-06-02 05:23:15,2015-06-01 20:49:48,30807.000000000004,1,670
1433194470,1343346,view,20192,2015-06-01 21:34:30,2015-06-02 05:07:02,27152.0,1,671
1433173354,1349454,view,370956,2015-06-01 15:42:34,2015-06-01 15:57:14,880.0,0,672
1433174234,1345880,addtocart,52888,2015-06-01 15:57:14,2015-06-01 21:34:30,20236.0,1,672
1433191751,1349893,view,356320,2015-06-01 20:49:11,2015-06-01 15:42:34,18397.0,1,673
1433175158,1351643,view,156993,2015-06-01 16:12:38,2015-06-01 20:49:11,16593.0,1,674
1433217681,1353620,view,247061,2015-06-02 04:01:21,2015-06-02 04:19:03,1062.0,0,675
1433218743,1353254,view,420056,2015-06-02 04:19:03,2015-06-01 16:12:38,43585.0,1,675
1433194675,1354316,view,215767,2015-06-01 21:37:55,2015-06-02 04:01:21,23006.0,1,676
1433192231,1358943,view,233770,2015-06-01 20:57:11,2015-06-01 21:37:55,2444.0,1,677
1433217727,1360339,view,381653,2015-06-02 04:02:07,2015-06-01 20:57:11,25496.0,1,678
1433173188,1368359,view,457380,2015-06-01 15:39:48,2015-06-02 04:02:07,44539.0,1,679
1433194755,1370178,view,333560,2015-06-01 21:39:15,2015-06-01 15:39:48,21567.0,1,680
1433194772,1370178,view,253175,2015-06-01 21:39:32,2015-06-01 21:39:15,17.0,0,680
1433224244,1370216,view,176721,2015-06-02 05:50:44,2015-06-01 21:39:32,29472.000000000004,1,681
1433172489,1371643,view,12765,2015-06-01 15:28:09,2015-06-02 05:50:44,51755.0,1,682
1433218040,1373937,view,242567,2015-06-02 04:07:20,2015-06-01 15:28:09,45551.0,1,683
1433192078,1375369,view,139936,2015-06-01 20:54:38,2015-06-02 04:07:20,25962.0,1,684
1433223239,1377281,view,251467,2015-06-02 05:33:59,2015-06-01 20:54:38,31161.000000000004,1,685
1433192695,1377315,view,428952,2015-06-01 21:04:55,2015-06-02 05:33:59,30544.000000000004,1,686
1433174430,1381613,view,60376,2015-06-01 16:00:30,2015-06-01 21:04:55,18265.0,1,687
1433174477,1381613,view,41932,2015-06-01 16:01:17,2015-06-01 16:00:30,47.0,0,687
1433221558,1386874,view,261320,2015-06-02 05:05:58,2015-06-02 05:25:21,1163.0,0,688
1433222721,1384997,view,134458,2015-06-02 05:25:21,2015-06-01 16:01:17,48244.0,1,688
1433172985,1390955,view,81470,2015-06-01 15:36:25,2015-06-02 05:05:58,48573.0,1,689
1433220141,1394724,view,291689,2015-06-02 04:42:21,2015-06-01 15:36:25,47156.0,1,690
1433194280,1395006,view,56352,2015-06-01 21:31:20,2015-06-02 04:42:21,25861.0,1,691
1433172933,1398013,view,261863,2015-06-01 15:35:33,2015-06-01 21:31:20,21347.0,1,692
1433224070,1398644,view,135256,2015-06-02 05:47:50,2015-06-01 15:35:33,51137.0,1,693
1433218820,1398678,view,184585,2015-06-02 04:20:20,2015-06-02 05:47:50,5250.0,1,694
1433220611,1398678,view,161688,2015-06-02 04:50:11,2015-06-02 04:20:20,1791.0,0,694
1433175469,1401694,view,303715,2015-06-01 16:17:49,2015-06-02 04:50:11,45142.0,1,695
1433220021,1402924,view,315543,2015-06-02 04:40:21,2015-06-02 05:05:12,1491.0,0,696
1433221512,1402325,view,20889,2015-06-02 05:05:12,2015-06-01 16:17:49,46043.0,1,696
1433173989,1403718,view,433165,2015-06-01 15:53:09,2015-06-02 04:40:21,46032.0,1,697
1433193616,1404060,view,320970,2015-06-01 21:20:16,2015-06-01 15:53:09,19627.0,1,698
1433216574,1404060,view,272446,2015-06-02 03:42:54,2015-06-01 21:20:16,22958.0,1,699
1433174916,1404317,view,99038,2015-06-01 16:08:36,2015-06-02 03:42:54,41658.0,1,700
